,x1,x2,x3,target
3527,73.73,11.48,-12.65,0
1750,62.29,8.37,-43.95,0
8825,41.76,4.24,-8.56,2
3736,29.41,10.35,-45.41,0
6332,57.41,19.65,-31.74,0
8497,77.58,1.89,1.12,2
6178,75.92,7.58,-43.49,0
6037,79.69,9.8,-10.68,0
6173,29.99,9.44,-30.18,0
2572,41.03,6.2,-52.09,0
8204,58.26,6.56,7.11,2
7601,15.25,13.76,4.97,2
1968,64.58,11.2,-45.25,0
8079,52.62,6.88,-25.69,2
2553,54.48,17.09,-57.63,0
1325,42.52,13.0,-14.76,0
3664,17.01,9.57,-8.46,0
7193,77.39,5.57,-55.87,2
6281,55.94,7.15,-9.3,0
3318,42.11,8.54,0.26,0
3418,40.42,1.11,-28.88,0
3674,22.97,14.29,-39.56,0
1129,48.03,6.59,-20.18,0
8783,9.41,3.74,-7.86,2
869,62.87,3.73,-11.12,1
7996,23.39,7.14,-17.73,2
5643,72.09,18.78,-9.06,0
5088,87.6,6.69,-30.14,0
1323,45.22,3.98,-50.9,0
1333,53.48,13.8,-25.53,0
1084,64.15,4.43,-35.2,0
3179,35.69,16.31,-59.63,0
2429,66.28,4.14,-29.63,0
1490,39.37,9.6,-3.81,0
2194,53.77,14.41,-39.31,0
5508,55.63,5.43,-19.16,0
8705,17.71,9.52,1.87,2
5974,14.7,15.24,-16.17,0
413,42.14,11.5,8.39,1
1674,70.43,6.19,-32.54,0
1539,62.32,5.75,4.02,0
798,44.66,2.12,3.91,1
5920,56.31,6.85,6.3,0
1184,40.94,4.35,-13.67,0
1486,50.6,5.1,-24.97,0
42,8.4,11.71,-14.49,1
9042,52.77,17.29,7.46,2
3217,5.04,8.42,-34.3,0
7950,26.67,12.36,3.18,2
2290,43.14,13.39,-4.01,0
3880,27.65,1.57,-24.61,0
8778,45.07,7.43,-47.46,2
34,35.25,6.25,-28.32,1
2407,70.81,3.32,-57.82,0
7836,5.78,6.26,-22.69,2
1133,32.92,2.29,-27.59,0
1574,45.49,8.27,-19.84,0
2619,52.4,1.93,-31.37,0
5086,56.67,6.27,-30.71,0
6764,26.79,22.56,-55.15,0
6536,63.17,7.88,-8.66,0
3357,21.31,9.63,-42.02,0
5740,26.2,6.13,-35.05,0
6276,-17.47,11.1,-44.78,0
849,74.42,8.27,-56.0,1
1695,24.65,4.04,-14.87,0
1223,27.01,5.89,-29.24,0
8275,73.05,2.58,-59.89,2
4015,24.15,14.42,3.33,0
3548,79.9,7.96,-31.73,0
6775,39.61,10.59,-48.42,0
8655,6.12,6.38,-31.23,2
7680,8.12,7.82,-56.66,2
4626,68.37,11.04,-22.4,0
190,76.53,14.84,1.77,1
9533,71.01,11.25,-10.04,2
1303,79.68,3.01,-58.32,0
7941,-7.82,11.33,-24.7,2
3798,56.53,7.79,-26.1,0
1809,45.32,7.72,-44.85,0
1411,62.5,1.49,-34.79,0
6623,8.37,4.24,-39.13,0
722,77.93,3.27,0.72,1
2661,14.91,3.3,-42.32,0
3035,53.66,24.87,-57.34,0
8219,7.19,4.05,-49.29,2
1734,56.84,1.73,-47.84,0
3340,35.56,2.23,-34.4,0
9464,57.28,3.04,-43.98,2
3446,-5.04,12.82,-44.12,0
3859,54.84,1.55,-59.61,0
6837,64.54,5.92,-12.41,0
5189,75.92,12.52,-22.03,0
9654,73.06,8.59,-41.3,2
6031,63.39,6.09,-39.55,0
8067,47.49,9.32,-4.33,2
4605,36.99,11.29,-35.57,0
452,29.06,2.5,2.24,1
8990,41.16,7.0,-54.42,2
5907,4.38,4.2,8.29,0
7229,20.03,8.59,-23.89,2
5727,75.53,9.87,-1.23,0
7448,72.79,9.3,-1.84,2
2121,44.42,9.56,0.96,0
5770,36.95,9.63,-14.47,0
9315,32.08,6.13,-1.23,2
1297,44.7,3.04,-53.37,0
8149,6.18,8.22,-9.88,2
9139,27.44,14.04,-52.88,2
6694,59.56,3.1,-54.97,0
5587,71.06,3.18,-16.08,0
5765,27.87,7.77,-9.22,0
3817,61.99,5.88,-25.8,0
900,8.87,9.63,-41.12,1
1831,78.1,15.28,-50.71,0
7480,6.62,17.54,-51.88,2
8531,61.17,18.52,-42.75,2
5116,59.79,16.52,-8.4,0
1358,98.95,3.56,-25.58,0
6947,27.43,1.92,-55.91,0
8068,77.46,6.61,-10.33,2
5605,60.79,5.41,-41.19,0
4504,66.16,3.36,0.6,0
3966,56.02,7.24,-20.28,0
9414,71.86,15.7,-25.3,2
6679,66.96,6.32,-50.12,0
2621,32.44,14.3,-10.37,0
1511,85.78,6.27,3.33,0
3919,5.87,17.63,-6.62,0
529,43.55,9.84,4.43,1
3144,58.14,5.86,-0.73,0
2097,8.73,10.29,-16.74,0
2009,67.74,6.66,-51.69,0
8477,33.26,8.3,-27.75,2
3002,74.26,1.05,-3.22,0
2354,56.59,7.08,8.0,0
6401,15.41,13.5,8.01,0
906,27.79,8.19,-9.91,1
2709,79.84,12.36,-22.37,0
3699,16.31,12.07,-44.62,0
6210,46.62,7.45,-38.85,0
4181,40.49,7.62,-48.59,0
9179,34.37,3.86,-32.02,2
7847,65.62,4.2,-26.6,2
2464,16.75,9.97,-8.0,0
1502,30.85,23.85,-6.91,0
1842,6.0,7.61,5.85,0
8886,74.53,4.72,-6.53,2
5762,49.67,4.81,-0.98,0
1189,36.16,7.66,-51.67,0
72,6.19,9.91,-19.48,1
5778,28.54,7.48,-12.39,0
3372,12.2,11.01,-55.09,0
3945,70.31,7.76,-27.15,0
2134,-1.14,14.28,-31.58,0
4106,72.71,17.01,-38.66,0
4242,56.22,2.84,-58.3,0
1410,67.86,3.98,-42.2,0
3362,5.44,17.71,-12.31,0
7584,70.12,11.53,-9.87,2
9932,75.69,6.22,2.21,2
7446,65.18,8.15,-22.38,2
7460,33.41,9.4,-37.8,2
3843,14.83,5.99,-57.54,0
628,76.01,11.55,-38.0,1
245,2.49,8.63,8.0,1
7047,27.1,15.07,-29.79,2
6627,58.76,1.24,-12.96,0
7060,43.27,6.45,-7.94,2
2240,61.63,10.41,-35.69,0
5398,29.86,7.69,-35.78,0
6350,3.84,6.12,-47.58,0
525,53.66,10.61,-31.32,1
9488,53.03,9.09,-8.18,2
8782,33.82,7.59,-29.36,2
2657,43.94,1.5,-17.16,0
4163,51.29,8.83,-43.27,0
1784,8.8,9.27,-26.66,0
9270,-10.97,4.02,-24.2,2
5616,24.05,4.6,-51.33,0
9458,47.82,5.16,-42.54,2
5637,68.95,6.72,-39.91,0
5382,16.26,12.66,-40.02,0
1376,15.96,13.1,4.17,0
205,20.85,5.78,-28.64,1
1582,55.02,14.95,-10.68,0
8530,60.67,8.84,-13.96,2
2997,78.41,12.48,6.54,0
6741,77.54,9.29,-26.4,0
2100,70.56,3.26,-49.65,0
5322,44.12,5.75,-35.91,0
7991,26.28,4.52,-38.58,2
6567,3.71,14.42,-1.17,0
2233,53.97,6.96,-16.55,0
5371,52.59,15.53,-36.95,0
449,46.96,7.81,-55.82,1
3781,56.27,2.0,6.34,0
6570,39.23,8.22,-45.79,0
5144,12.39,2.94,-42.83,0
8363,43.63,10.71,-46.01,2
8069,13.4,7.89,-41.62,2
3547,-1.04,9.27,-35.38,0
3146,16.51,18.26,-42.04,0
6,80.26,6.17,-53.52,1
1882,5.88,25.08,-59.27,0
829,82.23,5.49,-9.34,1
2505,32.74,17.24,-41.13,0
1822,54.63,13.35,-18.77,0
3844,57.74,13.6,-56.47,0
1112,5.27,3.81,-57.66,0
202,81.92,3.34,-46.28,1
9855,49.46,7.22,-34.75,2
5576,93.72,13.41,-41.33,0
1598,17.63,8.22,-57.85,0
9605,17.34,27.39,-54.2,2
5473,5.01,2.64,9.99,0
8667,22.13,11.89,-10.08,2
7326,43.57,2.2,-45.71,2
1877,-4.79,8.84,4.31,0
8451,86.98,10.78,-23.0,2
7671,78.14,6.59,-50.89,2
5275,74.12,14.77,-23.76,0
9882,79.23,5.71,-28.65,2
3549,46.68,4.45,-21.35,0
4477,16.35,5.5,-9.73,0
1902,65.57,11.27,-3.57,0
6432,59.78,3.85,-20.76,0
7912,30.78,7.6,-55.22,2
21,14.3,8.44,-48.11,1
3887,83.77,16.2,-24.06,0
5274,44.99,8.21,-55.42,0
1751,40.69,10.05,-51.95,0
3245,10.89,22.29,-15.76,0
6019,25.06,10.67,-15.38,0
1437,77.43,5.62,-21.7,0
6997,64.34,9.96,5.57,0
2266,56.14,11.93,-39.28,0
2768,29.88,6.45,-51.71,0
1810,65.52,15.11,-40.34,0
55,19.63,10.63,-19.03,1
7653,83.19,13.44,-19.53,2
7019,33.79,7.3,-45.33,2
9292,33.96,17.69,-41.09,2
6230,38.68,14.53,-46.23,0
9293,77.48,9.19,-1.07,2
6715,76.14,10.81,-59.15,0
1231,60.33,8.35,-47.91,0
5449,9.73,12.48,9.13,0
6555,96.76,6.97,-41.87,0
801,55.43,6.76,-22.22,1
9510,38.71,6.08,4.92,2
2510,82.21,11.27,9.67,0
2377,5.04,7.78,-49.58,0
2649,18.22,8.2,7.05,0
2362,28.77,2.98,-31.74,0
3247,45.83,5.07,-56.9,0
887,46.89,6.55,-16.56,1
5917,35.7,2.82,-36.95,0
1827,-8.17,3.7,-32.92,0
4770,67.05,4.43,-48.4,0
1530,56.53,10.0,-44.19,0
1652,65.72,8.13,-59.75,0
811,83.14,3.57,-55.57,1
2207,16.17,24.37,-23.83,0
3971,25.95,13.16,3.15,0
888,13.43,1.0,-42.71,1
6257,30.69,6.79,-32.19,0
1581,45.89,7.67,-42.65,0
971,63.36,11.16,-30.67,1
2561,24.98,16.95,-51.18,0
8071,91.69,16.43,-1.55,2
7078,56.59,9.71,-22.73,2
6341,12.34,11.71,-40.66,0
1697,53.06,4.94,-52.7,0
8816,35.01,13.34,1.37,2
5998,56.72,4.36,8.29,0
3301,78.66,4.67,-13.45,0
3764,69.57,7.98,-33.33,0
2260,31.51,11.52,-42.46,0
3750,58.48,12.49,-22.28,0
4166,70.67,2.34,-14.44,0
6015,19.97,10.53,-48.0,0
3453,0.98,3.84,-45.4,0
5733,8.87,8.07,-52.33,0
9517,5.61,7.35,-56.54,2
6070,55.29,12.88,-24.31,0
158,29.67,1.47,-7.19,1
3256,33.79,4.44,-33.06,0
3469,8.5,8.75,-59.4,0
9166,63.51,4.19,-25.43,2
3463,88.68,6.53,-43.15,0
2523,36.16,6.24,-10.06,0
7426,38.87,1.36,-33.38,2
8471,-5.52,4.31,-57.89,2
2584,50.0,1.75,7.34,0
2739,6.52,1.93,-28.62,0
6547,76.8,5.1,-58.2,0
6973,79.18,11.99,-57.79,0
101,89.56,6.07,1.56,1
1816,0.73,2.42,8.22,0
4407,20.37,7.63,-5.85,0
4467,52.05,8.98,-23.45,0
8834,28.73,9.69,6.21,2
9090,41.63,9.66,-51.15,2
9532,2.98,4.14,-41.35,2
7674,52.83,3.03,-1.31,2
6311,24.92,26.3,-8.03,0
7221,77.64,2.87,-17.14,2
4610,17.65,27.48,-54.11,0
817,59.12,12.46,-10.02,1
3413,36.93,5.49,-39.8,0
7832,66.74,5.32,-47.7,2
6344,22.12,15.52,-29.23,0
9752,49.45,11.59,-17.64,2
8818,11.55,3.13,-38.91,2
3673,79.66,7.34,-1.45,0
528,71.97,7.35,-41.79,1
7914,-1.63,9.01,-6.75,2
2611,94.78,5.64,-9.59,0
7271,34.85,14.67,-17.16,2
437,55.41,13.29,-2.77,1
1313,45.25,4.06,-13.82,0
5022,29.94,13.77,-55.55,0
3802,53.7,14.54,-34.94,0
8766,44.02,10.33,-53.18,2
6772,40.03,9.34,-17.27,0
2163,10.1,3.23,-24.75,0
152,68.38,1.34,-45.46,1
3868,15.03,10.35,5.89,0
4049,0.59,8.39,-52.36,0
6043,12.22,8.28,-18.93,0
8582,55.8,8.05,-22.88,2
8348,22.59,18.99,-32.56,2
4395,79.14,9.76,-27.12,0
9694,32.72,6.16,-34.48,2
6394,16.08,14.29,-30.68,0
8511,12.15,6.87,-1.22,2
8443,16.59,8.62,-28.81,2
1819,13.47,1.62,-36.37,0
4390,49.86,6.69,-58.22,0
5914,78.9,6.32,-7.4,0
5176,74.25,31.08,5.04,0
9477,67.36,10.9,-42.53,2
1190,59.04,7.97,-27.45,0
8636,54.61,8.98,-5.39,2
1107,55.64,10.88,-29.44,0
6199,23.06,20.8,-31.4,0
9646,61.81,3.97,2.06,2
4260,40.19,8.06,-22.85,0
2967,10.87,15.15,5.37,0
4978,68.47,4.82,-47.65,0
2820,85.85,4.68,3.8,0
7000,63.39,4.17,-30.15,2
7293,30.31,1.57,-34.38,2
1371,43.28,6.44,-4.83,0
1709,10.63,5.57,0.35,0
8844,20.61,4.26,-28.98,2
7496,60.41,6.31,-19.19,2
3518,0.32,10.79,-59.46,0
6448,39.12,5.58,-58.6,0
1144,68.94,27.96,-55.2,0
736,64.26,3.47,-45.97,1
7387,8.73,9.43,0.28,2
9356,-7.83,4.38,-58.43,2
1676,27.51,8.01,-56.27,0
1836,49.16,2.72,-58.73,0
8502,26.64,6.66,-18.68,2
4578,34.57,11.39,4.3,0
5177,50.12,16.18,9.25,0
2684,9.5,10.46,-6.41,0
2293,6.68,8.01,-47.92,0
6353,67.94,5.82,-14.58,0
2204,4.98,12.1,-4.22,0
8318,0.48,4.73,-29.31,2
9322,10.24,9.76,-15.97,2
6915,59.42,6.71,9.11,0
8806,68.63,2.1,-36.88,2
54,87.48,10.02,9.23,1
2652,20.69,8.85,-15.5,0
3523,81.64,16.75,-51.0,0
1299,66.23,4.48,-26.83,0
9092,56.08,9.54,-8.88,2
1583,23.75,9.97,-39.75,0
5179,45.87,21.97,-43.12,0
5807,59.7,11.83,-4.06,0
990,-0.9,6.94,-22.81,1
7040,33.4,5.32,-49.5,2
4628,13.7,21.88,-3.14,0
5288,16.5,6.59,-49.25,0
924,47.09,5.45,-32.12,1
5318,69.05,9.96,-16.35,0
2489,36.34,10.3,8.01,0
7953,50.95,11.62,-9.73,2
523,-5.94,22.17,-32.18,1
3023,56.32,29.65,-39.46,0
7672,29.91,6.28,-59.54,2
2919,24.44,9.13,-2.52,0
4636,7.24,10.35,-43.09,0
3846,85.79,14.68,-4.66,0
6466,51.58,14.17,-44.04,0
6368,-1.05,9.03,-43.64,0
36,58.27,17.23,-38.15,1
9528,2.65,10.99,-3.04,2
4524,70.03,5.52,-47.04,0
6938,13.86,3.96,-22.81,0
4817,23.2,14.39,1.72,0
5813,70.69,8.84,-27.35,0
7892,49.11,8.19,-13.7,2
2035,43.95,11.54,-38.1,0
5703,-6.83,4.72,-11.87,0
6581,67.93,19.06,-26.04,0
6485,83.76,5.52,-50.56,0
4971,12.77,18.69,-9.91,0
5569,30.58,11.21,-40.32,0
9880,61.95,8.59,-45.23,2
2157,75.09,2.07,-24.21,0
2419,60.0,7.13,-11.9,0
1794,13.9,9.93,-2.01,0
3787,34.58,5.95,-15.54,0
7862,6.94,3.95,-5.95,2
4362,61.41,7.31,-49.21,0
6989,39.8,9.2,-13.96,0
4265,57.36,5.24,-2.33,0
4734,55.12,6.64,-25.64,0
563,-6.74,11.92,-24.23,1
4011,39.56,1.3,9.5,0
1377,11.23,21.94,-54.62,0
7069,36.5,12.46,-2.7,2
6898,72.23,9.01,-9.11,0
2308,35.12,6.1,-5.35,0
5947,35.73,8.45,-52.99,0
9764,67.12,4.44,-21.92,2
4352,36.02,4.43,-29.74,0
5355,16.39,9.68,-17.15,0
4287,-0.83,9.59,-53.14,0
3201,23.95,2.86,1.65,0
4070,68.69,8.61,-24.99,0
514,71.12,4.3,-41.09,1
4428,63.47,16.43,-4.63,0
6478,19.09,10.98,-26.28,0
3187,70.21,6.9,-25.86,0
4861,84.81,10.15,-26.69,0
3479,60.15,16.44,-11.97,0
9252,43.63,3.83,-12.73,2
3951,12.05,13.03,-32.41,0
7317,56.87,2.5,-55.18,2
3732,12.14,6.06,-39.16,0
3464,9.11,9.15,-7.89,0
5689,8.68,7.1,-59.14,0
7064,15.85,19.86,-21.98,2
393,9.58,7.72,-29.58,1
5335,86.66,14.0,-5.12,0
5913,83.62,2.45,-21.61,0
5246,42.51,12.87,-14.44,0
6301,72.38,5.93,-42.0,0
5948,52.57,8.33,-33.28,0
8763,45.59,12.59,-21.52,2
7655,50.05,14.91,-53.55,2
2669,74.65,14.36,-48.73,0
4169,8.5,2.94,-11.18,0
7021,-5.88,4.47,-7.36,2
9778,14.84,14.36,-37.04,2
7340,49.9,12.12,3.81,2
6736,27.3,3.14,-11.79,0
9546,47.9,9.35,-38.63,2
9004,56.38,3.76,-23.09,2
4384,41.59,10.22,-50.63,0
5446,25.54,6.58,-52.27,0
763,26.24,1.91,-37.6,1
7497,16.25,18.51,-54.8,2
81,13.63,9.65,-24.36,1
8342,13.33,10.34,-52.3,2
4018,60.32,14.84,-5.93,0
1199,-7.67,6.37,3.01,0
2764,7.23,4.59,-5.69,0
6061,10.86,12.31,2.56,0
2849,19.77,8.29,-55.43,0
7051,29.48,13.17,-44.09,2
4016,57.58,22.26,-26.41,0
4551,57.11,9.59,6.22,0
9329,16.15,5.0,-41.0,2
9516,64.76,3.3,-31.79,2
1634,82.18,11.67,5.74,0
1164,10.58,22.5,-6.47,0
2192,92.91,4.28,-23.63,0
63,35.02,14.09,-14.29,1
536,14.1,5.46,-33.44,1
3982,77.39,14.51,-0.07,0
4665,71.13,4.35,-35.18,0
7076,45.88,18.69,-8.29,2
6077,35.93,2.67,-29.46,0
664,49.17,7.66,3.07,1
548,44.95,7.25,-32.83,1
9138,48.07,10.47,-57.29,2
6277,29.88,4.85,-42.0,0
7865,17.99,20.26,-51.93,2
2645,49.61,8.21,1.91,0
3191,44.64,3.49,-6.74,0
6461,22.31,9.97,-41.0,0
5943,66.46,6.73,-30.75,0
3616,36.36,3.57,-38.49,0
3437,79.1,9.24,-9.31,0
8019,15.93,18.55,-29.48,2
360,64.44,8.14,-49.06,1
3480,77.85,7.75,6.42,0
5652,46.32,9.7,-10.29,0
4425,15.66,9.62,-41.56,0
4944,20.18,3.41,-2.24,0
8767,26.52,8.79,-49.1,2
6762,-4.36,5.33,2.89,0
8009,47.62,10.73,-5.04,2
2105,86.2,13.18,-14.82,0
4151,35.14,5.35,-39.62,0
1495,14.49,4.12,-20.71,0
3091,1.61,6.05,-15.15,0
1804,58.02,20.56,-57.87,0
6743,75.8,10.3,-21.65,0
9129,63.81,11.63,-11.8,2
2235,37.15,18.23,-51.78,0
7067,34.5,8.94,-3.12,2
1147,72.76,3.37,5.46,0
5620,44.01,3.88,-25.02,0
4584,42.11,1.88,-21.38,0
4309,27.51,3.27,-42.56,0
8730,37.81,3.53,-20.52,2
1706,8.18,4.27,-12.32,0
5350,35.34,9.08,-23.0,0
1525,28.93,21.05,-12.01,0
1015,22.69,6.86,-22.62,0
7486,47.5,8.74,-57.64,2
4171,28.38,1.35,-13.67,0
3460,37.43,3.55,-40.18,0
4127,86.78,13.38,-51.79,0
9906,71.66,5.03,-38.73,2
1108,83.87,4.77,-3.44,0
787,19.47,11.98,-4.58,1
9388,79.41,13.98,-16.43,2
9669,79.05,5.84,-13.18,2
6223,35.3,25.21,-25.37,0
6149,22.68,9.95,-47.3,0
8414,36.64,6.76,-58.32,2
544,28.19,6.72,5.42,1
1971,30.76,6.12,-18.91,0
2984,88.91,2.71,-6.06,0
7170,59.4,8.26,-18.84,2
8591,57.97,13.37,-7.65,2
2537,48.11,3.66,-5.25,0
138,10.55,9.04,-47.43,1
1450,69.3,0.91,-15.51,0
2287,30.45,12.24,-43.84,0
2372,-6.66,11.78,-23.51,0
4754,1.04,2.99,-49.87,0
89,-5.77,8.32,-5.38,1
3964,81.06,7.42,-9.28,0
9774,22.73,14.26,-4.55,2
3066,15.65,15.73,-29.8,0
8073,79.5,6.47,-29.06,2
3492,23.85,21.28,-30.11,0
6742,87.19,10.3,-20.43,0
9726,-3.38,3.36,-7.82,2
3512,66.1,4.81,-7.83,0
8653,49.41,6.35,-57.77,2
9449,38.07,3.53,-44.23,2
1170,17.55,6.97,-52.64,0
6064,88.17,7.34,-38.12,0
6002,79.52,6.88,-55.83,0
4802,46.94,8.4,-47.86,0
8026,40.83,15.7,0.71,2
7178,16.03,11.63,6.26,2
4604,35.0,15.22,-17.02,0
3263,83.34,7.21,-25.27,0
4709,72.1,18.55,-48.22,0
6464,62.11,5.6,-16.6,0
7176,72.13,6.92,-37.48,2
2906,70.21,8.32,-28.95,0
4496,47.02,21.78,-38.8,0
1029,40.93,6.75,0.33,0
999,10.72,16.67,-55.17,1
666,13.13,8.58,-36.38,1
3727,28.95,4.08,1.32,0
6549,13.48,6.05,-52.73,0
6050,64.58,14.03,-53.69,0
8793,72.51,6.9,-17.81,2
4661,16.78,4.87,-36.42,0
6477,47.57,11.2,-19.09,0
7734,54.03,6.55,-27.17,2
7369,40.58,9.47,-8.11,2
9720,61.21,3.27,-59.96,2
3602,28.1,5.82,-12.6,0
3513,45.26,3.53,-49.56,0
8846,31.35,13.77,-5.6,2
1315,85.19,11.25,-22.1,0
1103,-11.24,12.71,-10.49,0
318,33.15,3.98,-50.72,1
2788,19.36,7.23,-26.18,0
6457,67.0,2.32,6.47,0
2603,-7.9,14.48,9.16,0
1825,1.57,9.54,6.96,0
608,29.54,2.44,-15.98,1
1567,9.96,15.0,-52.78,0
7156,26.69,3.56,-5.27,2
9140,60.33,13.12,-40.96,2
6240,32.02,2.89,-1.31,0
6117,72.41,7.26,-2.7,0
8850,33.94,3.73,-45.3,2
8974,48.31,14.88,-56.8,2
3265,-4.04,20.72,3.11,0
5936,16.94,12.71,-12.93,0
382,19.67,8.21,-40.66,1
5472,85.19,14.58,-23.23,0
3634,13.97,1.45,-53.59,0
4623,88.0,18.16,-19.86,0
3339,61.32,4.32,-34.5,0
1982,85.73,13.89,2.66,0
5392,50.44,12.6,0.46,0
2705,75.8,4.95,-28.78,0
7380,45.09,11.15,-52.62,2
4686,4.32,3.15,-43.94,0
4889,22.28,6.21,-39.89,0
8989,4.63,6.64,6.38,2
4712,9.38,8.34,-9.66,0
5066,50.85,8.4,-17.94,0
2410,-0.43,11.36,6.85,0
2777,65.22,4.96,-14.27,0
4145,65.88,5.72,-16.64,0
9283,-1.3,7.21,-34.42,2
6746,29.1,2.45,9.33,0
5035,74.27,11.77,-40.54,0
9087,28.53,5.72,-22.89,2
3410,73.14,8.73,4.08,0
2622,79.39,5.04,-11.37,0
6283,35.01,4.04,-9.27,0
3481,39.23,10.45,-24.41,0
8434,67.91,17.99,-12.49,2
4118,61.16,4.46,6.01,0
5426,58.74,12.14,-56.61,0
707,69.9,3.17,-10.76,1
6211,10.42,7.77,-27.01,0
5265,61.74,5.71,-49.74,0
250,72.73,12.6,-58.63,1
8158,71.82,10.85,-55.22,2
2073,34.72,2.83,5.12,0
5463,54.42,7.26,-19.71,0
1356,65.23,10.98,-24.46,0
7795,74.65,5.2,-19.4,2
1445,51.13,15.97,-10.81,0
1066,34.58,10.76,-47.39,0
9606,35.05,5.2,-11.78,2
1635,8.05,2.51,-1.36,0
6445,86.61,3.45,-25.42,0
9787,11.93,6.27,-32.88,2
2347,-1.65,17.9,-40.83,0
6227,26.71,9.78,-35.11,0
6707,77.15,15.24,7.63,0
7079,51.45,10.45,5.8,2
5867,2.44,9.59,1.72,0
4091,89.84,17.62,-10.15,0
3678,20.43,4.0,7.8,0
6152,14.66,5.26,-49.17,0
71,30.0,5.24,-14.14,1
6243,41.74,5.29,-37.29,0
8905,13.23,9.53,-42.28,2
3022,44.29,2.42,-46.8,0
3629,70.94,6.35,-36.47,0
7264,53.06,10.54,3.03,2
6237,12.08,2.94,-56.77,0
8034,47.68,11.46,-30.02,2
5075,55.75,5.87,9.63,0
8942,15.53,7.54,-4.4,2
3965,57.24,9.51,2.92,0
1725,42.52,5.47,-58.11,0
9433,19.37,10.87,-57.4,2
865,21.72,2.77,-58.03,1
5915,68.57,6.79,5.79,0
4427,21.35,8.01,-39.5,0
7936,47.01,11.14,-0.23,2
5800,42.69,1.57,-24.97,0
595,6.37,7.07,-0.85,1
6069,46.62,6.48,-52.85,0
4102,24.0,4.07,-23.54,0
5457,53.19,2.98,-33.38,0
5291,7.74,2.97,-32.93,0
2980,32.82,5.72,-41.88,0
20,8.72,25.61,-51.93,1
6559,2.07,2.67,-59.1,0
7418,21.16,6.72,-41.14,2
4146,57.23,9.4,-55.8,0
6013,48.13,4.2,-11.49,0
5822,71.41,19.25,-51.07,0
7833,52.46,11.9,-16.87,2
625,14.86,10.66,-25.09,1
3143,30.63,14.25,-47.52,0
1609,72.75,8.18,-39.37,0
1675,49.8,2.9,-57.78,0
6279,-6.59,7.12,0.94,0
543,66.91,4.06,-19.86,1
1446,23.11,9.73,-37.08,0
5684,53.24,15.92,-36.86,0
3575,5.24,10.5,-15.82,0
4782,4.81,7.42,-33.53,0
9093,46.11,4.44,-50.01,2
8125,59.66,14.93,-16.06,2
7158,18.49,4.57,-9.29,2
5857,53.84,5.73,-47.21,0
3462,2.43,4.02,7.03,0
9979,24.0,5.25,-22.56,2
1000,45.35,3.77,-8.77,0
5537,70.32,5.51,-15.6,0
1277,25.38,7.59,-44.91,0
7560,39.36,7.44,-1.41,2
5642,1.48,9.2,-38.39,0
5557,50.57,16.06,5.52,0
822,61.12,8.53,-20.86,1
1795,46.49,12.44,-0.54,0
2063,64.79,20.5,-9.64,0
85,56.85,8.31,-7.86,1
7899,16.99,9.69,3.7,2
5717,61.13,14.71,-17.43,0
9823,78.28,2.7,-58.88,2
2395,57.55,3.75,-49.9,0
8641,39.14,4.97,-24.58,2
7161,56.94,6.95,-18.33,2
2757,43.61,3.67,-17.26,0
1298,29.53,9.15,5.97,0
2651,22.33,4.02,-42.52,0
6292,-4.86,13.28,-0.64,0
5507,67.97,6.66,-38.83,0
9844,19.08,12.21,-27.67,2
775,35.54,3.5,-18.94,1
1591,6.87,13.64,-29.37,0
7072,21.45,2.92,-2.43,2
462,59.81,1.35,-21.05,1
2462,52.11,6.94,2.58,0
8339,62.54,4.2,-57.34,2
3127,85.82,8.01,-0.56,0
9771,10.8,8.29,-0.35,2
5445,66.27,3.18,-23.73,0
5092,51.76,7.98,-23.34,0
5480,65.46,14.49,-8.92,0
647,38.54,6.33,3.56,1
2733,22.03,9.39,-35.78,0
5999,44.72,2.67,-9.94,0
6284,14.74,8.14,-5.33,0
6910,16.99,8.43,4.26,0
3188,24.34,6.81,-51.72,0
1773,7.84,6.63,-1.99,0
5009,5.84,9.59,-46.15,0
8748,33.37,2.97,-27.67,2
4272,61.54,11.91,-22.79,0
2810,38.06,4.83,-10.61,0
8940,29.02,6.42,-54.44,2
7501,65.3,14.29,-14.69,2
5959,70.63,4.39,-38.38,0
4915,4.02,14.51,-24.21,0
4129,38.14,6.69,1.06,0
8866,51.37,4.15,-48.87,2
5007,31.36,9.9,-21.45,0
970,61.81,7.62,-35.62,1
9374,79.03,10.47,-44.0,2
1158,68.16,7.33,-39.59,0
1166,46.88,6.8,-16.14,0
9426,-2.17,8.03,-24.03,2
7509,90.49,12.69,-13.7,2
2202,35.18,10.2,-22.22,0
5011,55.0,7.7,3.52,0
2775,31.78,11.27,-53.72,0
1135,-0.72,13.49,-27.17,0
4838,5.2,9.51,-31.1,0
9106,6.22,5.16,-28.92,2
2279,69.14,8.97,-48.36,0
633,35.79,18.68,-15.75,1
5875,66.55,16.83,-2.28,0
2124,17.92,5.79,-14.87,0
3641,12.36,15.78,-50.29,0
5258,65.01,6.01,-3.54,0
285,77.74,6.59,-52.36,1
8338,49.32,6.1,-37.64,2
6040,-5.27,6.96,-40.73,0
4834,36.04,3.59,-29.01,0
7933,19.28,3.24,2.79,2
4499,69.02,5.91,-45.46,0
9419,59.41,6.73,9.58,2
9366,11.0,3.11,-35.05,2
2271,17.34,12.64,0.48,0
3532,87.85,6.7,-5.8,0
9101,15.43,6.46,-22.68,2
5688,61.38,3.4,-12.78,0
8262,22.85,17.19,-18.99,2
4224,86.21,4.69,9.13,0
4911,41.22,4.39,8.42,0
9269,53.99,4.35,-45.99,2
7915,59.37,2.98,3.9,2
5815,69.79,22.86,-51.0,0
8206,89.13,5.65,-58.01,2
8176,62.79,4.48,-43.21,2
1289,85.46,1.77,-14.73,0
3470,15.84,8.12,4.76,0
7206,57.08,22.23,-12.81,2
7328,27.99,22.28,-47.54,2
25,56.55,9.49,-51.58,1
3967,68.61,8.56,-0.71,0
4351,8.55,13.82,-29.2,0
5363,59.81,17.48,-40.47,0
3613,20.67,7.4,-31.18,0
8800,15.19,18.55,-51.52,2
705,49.32,5.05,-23.06,1
1514,47.67,20.68,-4.4,0
901,56.34,16.49,-15.33,1
5711,59.74,4.38,-30.92,0
7017,35.86,11.67,6.73,2
9675,60.72,8.67,4.92,2
1047,29.15,5.04,2.63,0
7648,28.48,10.9,-56.34,2
1705,36.12,9.9,-19.86,0
753,68.47,4.79,-51.11,1
7712,86.3,8.4,0.26,2
5057,19.11,12.08,-57.19,0
2780,55.16,9.21,-27.04,0
6395,-13.5,10.81,-52.92,0
5618,8.87,25.64,-46.47,0
1338,31.64,6.86,0.84,0
665,33.71,11.16,6.75,1
8103,24.06,3.64,-7.61,2
2690,34.65,3.1,-46.39,0
404,3.24,12.51,-52.64,1
4064,17.94,12.86,-23.27,0
6388,80.98,3.71,-2.14,0
2506,69.35,17.15,-27.69,0
9040,66.42,3.77,-18.3,2
6455,8.56,8.83,-58.37,0
377,11.83,7.47,-15.61,1
4791,65.81,16.98,4.92,0
7894,58.76,7.05,-25.05,2
4298,76.87,8.54,-13.13,0
2174,19.58,9.9,3.2,0
3167,69.12,7.86,-43.5,0
6781,62.47,6.73,-31.51,0
3972,19.29,12.55,-58.99,0
8336,80.58,14.48,-45.03,2
8197,12.62,10.67,-1.1,2
3483,28.89,5.07,-10.34,0
8606,68.04,8.79,-49.98,2
847,13.62,9.76,-55.9,1
8914,73.3,16.25,1.72,2
6139,79.42,14.1,-21.75,0
6803,54.17,10.46,-24.64,0
4471,78.82,9.11,7.87,0
6325,76.36,6.49,-31.17,0
2473,1.85,5.4,6.09,0
6161,86.28,8.13,-39.03,0
2901,84.22,11.59,-11.33,0
2894,-1.35,3.52,-50.46,0
6403,80.4,5.42,9.69,0
5256,19.47,10.86,-28.6,0
9814,39.51,4.61,-37.89,2
5549,70.99,7.75,0.94,0
2642,69.19,7.6,2.33,0
4503,43.66,14.16,8.19,0
6435,12.84,16.3,-10.61,0
2903,26.47,13.16,-1.95,0
2179,-1.08,3.47,-8.76,0
9387,84.57,10.0,-21.19,2
9534,80.94,12.82,-38.05,2
7104,55.3,5.69,5.29,2
8681,40.93,7.45,5.51,2
3194,25.76,9.71,-15.59,0
4808,46.02,11.2,1.7,0
1553,23.26,7.09,-16.93,0
4184,76.6,3.71,-5.81,0
5828,22.11,12.64,-36.55,0
9494,41.77,16.08,-34.76,2
1494,53.21,15.85,-54.36,0
4974,43.73,11.49,-22.39,0
1565,19.22,12.76,5.96,0
1708,8.61,1.4,-46.79,0
4435,5.66,7.31,-1.62,0
9792,3.08,10.18,-1.2,2
1120,44.69,8.03,-29.26,0
8083,12.58,9.74,-35.84,2
3621,58.7,9.23,-15.11,0
2324,88.97,9.55,-29.76,0
9818,18.51,5.58,6.43,2
384,63.47,26.21,-47.1,1
7529,46.97,10.54,-47.94,2
5269,93.13,2.71,-28.2,0
3204,29.57,13.83,-24.52,0
2698,2.57,11.76,-13.98,0
2892,51.16,8.63,-35.29,0
637,56.2,11.91,-25.91,1
4486,48.41,9.91,-6.62,0
3676,15.36,6.3,2.5,0
7923,34.17,14.93,-19.56,2
9478,75.94,2.94,-55.48,2
7372,18.16,9.81,-41.66,2
9447,32.61,23.91,-58.1,2
7131,86.49,19.01,-27.35,2
4781,7.36,1.15,-7.56,0
4579,44.61,20.63,2.09,0
5333,44.08,9.83,-46.33,0
1418,38.35,6.9,-8.53,0
2587,41.44,6.83,-47.94,0
269,20.06,4.73,-45.92,1
2353,41.01,6.0,-26.02,0
1319,54.77,10.53,-17.44,0
7012,25.45,7.7,-15.63,2
1824,74.5,12.15,-38.96,0
182,39.41,8.81,-37.78,1
5076,52.75,8.35,-29.13,0
7482,90.78,8.29,-56.53,2
5304,-0.32,4.11,-38.0,0
2854,41.53,4.44,-23.24,0
3612,6.35,10.66,-6.42,0
4519,14.89,5.75,-29.94,0
9696,34.16,13.91,6.33,2
6620,11.77,13.38,-39.09,0
1764,-1.37,11.06,-43.78,0
4776,58.43,15.88,-59.71,0
5950,20.7,10.42,-32.56,0
6175,23.57,2.61,-12.05,0
6047,41.43,8.41,-1.09,0
7349,70.19,5.05,-25.17,2
2871,77.22,6.55,-14.48,0
8360,60.13,12.79,-15.62,2
9163,43.4,4.99,-0.85,2
7790,14.86,4.76,5.77,2
7707,35.52,9.4,-16.02,2
3162,3.35,7.66,-0.39,0
4438,20.16,13.09,-40.21,0
6248,8.58,5.3,-31.26,0
4143,57.71,13.79,-8.63,0
7,24.13,4.65,-44.11,1
5725,62.98,7.74,-52.36,0
2317,18.43,8.95,-27.21,0
8740,88.12,2.49,-46.3,2
1385,50.36,8.58,-22.04,0
6538,35.21,5.94,6.84,0
3618,79.5,4.94,-29.34,0
4866,42.28,4.65,-1.27,0
922,26.47,2.28,-37.45,1
3430,0.4,13.6,-39.63,0
8388,38.36,4.44,-26.42,2
3110,30.02,7.71,-20.08,0
6595,14.66,12.06,-18.79,0
6813,64.42,7.56,-3.79,0
6440,30.17,1.45,-39.02,0
2132,75.93,14.26,5.31,0
1811,16.08,10.65,-5.54,0
1272,85.02,24.33,3.76,0
1463,51.9,15.88,-30.15,0
715,55.33,7.37,6.77,1
2949,17.45,14.32,-16.39,0
1802,42.06,11.83,-55.28,0
1835,49.75,5.67,6.91,0
2774,68.66,14.25,-52.03,0
5647,22.8,11.37,-11.67,0
7746,64.39,6.82,-28.98,2
4675,73.0,16.99,-37.92,0
6894,-6.4,8.22,-13.61,0
9062,44.74,1.84,-55.46,2
2139,60.93,4.89,-38.37,0
4076,28.52,14.36,-59.57,0
6712,30.71,5.84,8.53,0
9013,7.29,11.53,-33.8,2
6689,69.86,5.03,-36.92,0
1176,51.21,8.66,-2.16,0
8902,42.23,9.28,-11.75,2
2737,54.56,8.74,-24.56,0
5506,88.06,11.27,-26.7,0
6107,51.47,9.46,-34.9,0
3850,70.89,3.4,-42.49,0
5123,88.04,17.89,-59.3,0
8476,75.88,11.66,-6.87,2
7384,16.41,13.46,-24.8,2
86,66.59,5.49,-10.62,1
4597,11.67,5.26,-41.44,0
418,-5.23,3.35,-31.42,1
4399,38.52,4.41,-51.4,0
8072,56.76,1.53,-54.66,2
3752,26.7,9.77,-19.13,0
5161,31.16,5.07,-44.02,0
2626,22.31,7.04,-22.15,0
1217,10.25,9.48,1.69,0
1474,22.37,15.77,-20.69,0
7617,24.43,5.68,-5.73,2
1834,8.06,11.67,2.78,0
8611,30.32,16.12,-44.05,2
7773,27.79,9.05,-26.96,2
674,-3.8,3.11,-25.29,1
9267,67.1,5.51,6.58,2
45,24.14,2.99,-56.76,1
6216,26.63,10.25,-3.38,0
8899,41.45,3.89,-39.97,2
6653,34.99,4.34,-28.01,0
159,39.09,5.39,-22.95,1
8944,62.57,11.71,-52.53,2
6488,23.01,6.68,-33.52,0
4812,74.26,14.2,-54.63,0
3202,21.8,19.39,-13.26,0
8529,66.85,5.03,-50.7,2
3435,50.74,1.82,-29.63,0
9133,9.57,1.37,-13.48,2
5525,57.62,8.05,-30.66,0
9207,60.27,0.84,-6.29,2
5309,50.44,0.43,-38.11,0
3794,56.98,4.03,-16.86,0
737,55.31,10.82,-59.21,1
5755,28.71,10.6,-45.49,0
5708,42.0,6.27,4.2,0
2589,49.14,6.81,9.22,0
7725,24.35,5.01,8.3,2
7808,54.51,17.26,-16.3,2
5872,78.85,10.93,-48.09,0
4235,20.53,7.01,-54.12,0
3447,87.13,12.96,-38.7,0
5606,31.45,11.65,3.84,0
2244,38.36,4.25,-51.37,0
7924,69.56,16.47,0.76,2
8004,75.5,7.61,-30.65,2
7904,65.68,10.27,-4.24,2
4268,84.1,6.48,-23.97,0
5731,34.83,12.77,-19.51,0
207,38.48,10.75,-18.39,1
7852,68.67,12.79,3.89,2
4294,42.56,5.4,-39.44,0
2507,45.55,7.4,-22.8,0
8545,-4.43,10.18,-8.07,2
9381,-7.54,4.22,-14.67,2
2046,34.94,2.75,-41.23,0
3715,65.44,7.31,-45.98,0
1102,11.12,3.46,-17.87,0
3728,28.02,8.23,-22.99,0
9730,55.23,1.84,-27.44,2
2189,25.89,12.7,-41.66,0
4299,42.1,12.59,-20.79,0
2566,42.5,6.04,-8.42,0
3939,80.51,18.2,0.65,0
7789,60.2,9.18,9.18,2
5481,52.05,2.63,-10.31,0
6267,30.45,3.25,-6.45,0
8928,13.14,9.09,-33.15,2
1512,33.85,10.63,-16.93,0
3154,66.54,14.22,9.64,0
7219,55.78,21.85,-57.76,2
9962,37.01,4.3,-46.65,2
7055,12.42,5.68,-36.56,2
9364,77.66,4.58,-12.37,2
1702,8.31,12.68,8.38,0
8758,4.3,6.25,-16.28,2
9653,50.17,6.43,-15.76,2
1758,77.85,18.0,-0.29,0
459,46.56,14.15,-8.75,1
5924,46.81,2.12,-3.4,0
4337,20.44,2.69,-6.64,0
9440,64.92,8.54,-10.48,2
3085,70.65,3.62,-55.01,0
7454,65.8,5.69,-11.89,2
9568,16.39,2.63,-6.08,2
4185,50.6,3.33,-47.61,0
259,78.31,20.29,-24.82,1
1447,23.26,8.55,-4.54,0
8101,65.73,14.89,0.56,2
8805,46.09,11.79,-28.95,2
1132,52.41,11.91,-6.39,0
5206,3.11,11.83,1.89,0
1044,-4.78,29.0,-57.73,0
8550,29.91,7.95,-45.37,2
1105,79.36,17.37,9.57,0
3796,17.01,8.96,-18.1,0
9009,79.56,5.42,-34.04,2
1346,0.27,9.11,-25.72,0
4996,16.11,6.3,-38.25,0
6529,73.02,12.54,-32.85,0
2765,0.89,0.57,-38.32,0
1243,83.31,5.78,-10.42,0
9203,3.53,4.34,7.66,2
1720,-1.63,20.26,-45.81,0
1317,2.46,13.75,-14.37,0
8992,71.39,5.47,-16.65,2
7917,64.31,3.43,-30.99,2
1649,18.37,14.79,-24.26,0
2027,46.51,3.87,-59.36,0
4920,13.37,2.47,-2.31,0
2467,79.8,11.66,-16.83,0
6171,31.97,4.16,9.9,0
1167,28.88,2.56,9.04,0
4296,69.23,8.97,-52.3,0
5440,33.5,4.87,-24.72,0
7622,30.28,14.0,-3.59,2
7270,26.24,5.01,-16.96,2
9056,82.9,25.34,-44.81,2
2748,10.31,10.28,-48.52,0
6544,18.65,5.3,8.85,0
5945,50.73,2.34,-25.5,0
2425,54.84,4.15,8.58,0
57,76.97,8.3,-25.64,1
7138,57.85,7.12,-1.47,2
2197,61.74,15.13,1.97,0
7118,68.7,6.51,-54.04,2
7990,31.17,7.97,-18.23,2
8616,4.32,1.49,-11.96,2
9521,13.08,5.59,4.89,2
1366,83.17,23.62,-55.94,0
3606,44.19,7.05,5.4,0
9289,88.29,14.85,-19.07,2
8881,7.75,8.94,-7.59,2
8186,53.07,7.31,0.23,2
2282,15.93,7.64,-49.89,0
6233,85.81,1.52,-39.21,0
1863,77.15,3.61,-21.3,0
6932,53.09,14.84,-17.16,0
7645,5.77,5.86,-40.15,2
9340,83.47,4.37,-17.46,2
686,2.86,19.75,-34.04,1
7430,14.61,9.38,-23.75,2
5773,35.44,7.32,-35.74,0
5462,25.97,5.44,-38.92,0
690,66.35,14.38,-18.79,1
9883,40.91,2.67,-39.69,2
1536,47.24,9.21,-6.29,0
8920,66.81,7.49,-44.29,2
9801,10.37,4.54,-26.01,2
4732,51.16,18.09,-1.01,0
3391,77.73,9.94,-34.23,0
7879,49.55,4.72,-32.31,2
5025,45.09,13.63,-10.29,0
4798,73.08,11.93,2.04,0
1038,58.03,7.89,-23.11,0
8867,33.32,6.45,-6.28,2
7976,75.83,12.25,4.54,2
1383,54.59,5.7,-59.67,0
2778,57.14,5.85,-46.34,0
8327,30.63,13.36,-32.64,2
7025,76.32,18.96,-25.48,2
168,60.5,3.8,7.15,1
8024,37.71,3.76,-16.66,2
8134,10.49,14.09,-5.05,2
6513,19.68,14.22,-30.05,0
3818,92.42,5.4,-44.82,0
2563,68.1,13.27,-25.15,0
4013,57.58,17.37,-0.07,0
6580,14.73,9.88,-29.82,0
1310,11.25,10.09,-38.47,0
2331,49.2,8.97,-27.42,0
4711,29.08,10.74,-33.77,0
6352,45.63,20.98,-14.19,0
3211,96.61,11.76,-34.9,0
1370,51.16,6.54,-24.35,0
5968,55.8,6.44,-2.0,0
6443,72.79,8.69,7.2,0
7993,44.93,16.63,-18.28,2
7455,45.37,3.94,-45.68,2
526,7.73,2.45,-55.54,1
3890,81.87,3.81,-11.14,0
910,67.91,5.92,-35.88,1
4230,8.91,9.97,-15.38,0
5383,26.3,1.87,-1.79,0
3672,46.4,19.19,-16.88,0
1435,62.38,10.27,-11.89,0
581,-3.53,6.69,-32.67,1
3068,15.44,18.35,-3.92,0
6492,44.23,9.87,-42.58,0
1973,52.93,11.07,-44.31,0
7780,40.18,3.94,-58.83,2
2814,24.84,12.87,2.13,0
8664,67.99,12.49,-49.74,2
4481,28.04,3.49,-36.32,0
5384,16.7,12.81,-27.0,0
2230,3.95,5.36,-28.76,0
9556,20.46,17.88,-10.62,2
9991,36.83,9.14,-19.57,2
9715,86.09,5.85,-36.1,2
5103,35.27,11.17,-32.52,0
6160,15.66,26.99,-41.21,0
8688,31.98,4.26,-9.02,2
1889,88.54,5.47,8.37,0
2640,74.8,8.14,-49.58,0
9142,81.18,8.01,-57.0,2
1098,34.61,3.9,-29.38,0
1465,36.66,7.7,-28.41,0
2128,31.71,22.59,9.94,0
5402,41.58,7.92,-8.13,0
2226,77.1,2.72,-0.36,0
3852,7.04,8.09,-22.99,0
1538,15.3,2.44,2.94,0
4042,48.2,8.43,-9.71,0
5378,50.62,6.85,-52.65,0
8194,21.52,7.97,-52.0,2
2058,47.46,18.91,-21.79,0
4848,12.55,21.94,-57.15,0
5897,-1.7,9.88,-32.97,0
8635,23.99,6.79,-43.34,2
7882,9.67,8.22,-38.14,2
7182,0.25,7.78,-17.38,2
3157,71.06,4.92,-29.83,0
8256,5.63,5.08,-18.23,2
9337,34.61,15.19,-13.96,2
2113,42.24,7.11,-35.87,0
9625,63.94,5.72,-36.49,2
5058,75.22,6.64,-41.83,0
9126,63.41,5.01,-25.71,2
6888,53.04,12.81,-8.63,0
3166,84.94,7.86,-1.13,0
8618,27.73,12.84,-19.19,2
1637,75.29,6.31,-4.37,0
8131,68.26,7.0,-16.75,2
2307,12.21,2.61,-2.17,0
5629,12.61,9.43,-39.87,0
9951,75.91,5.85,-18.41,2
1612,21.26,8.47,-18.32,0
3659,14.65,6.9,-34.53,0
5804,73.43,8.12,-29.57,0
2792,28.16,8.39,-5.52,0
3133,42.66,7.22,-4.18,0
4982,5.0,10.68,-17.54,0
9211,22.42,19.26,-48.55,2
3034,2.77,17.92,-5.38,0
4140,63.35,6.97,-51.73,0
3886,13.22,16.88,-50.96,0
1823,10.6,21.62,-36.65,0
5101,10.57,6.28,-52.04,0
161,16.07,7.81,-14.94,1
3424,67.17,14.01,-52.48,0
7562,81.04,11.89,-20.54,2
4105,6.2,9.38,8.4,0
6165,13.6,16.08,-23.49,0
5563,21.77,6.86,-30.32,0
5214,64.31,9.99,-8.36,0
7421,93.12,6.43,-41.46,2
3826,73.17,14.66,-32.46,0
3015,57.82,4.25,-35.37,0
5385,45.3,21.61,-22.16,0
943,29.34,7.16,-9.09,1
655,21.97,4.94,-36.74,1
8462,53.3,3.62,-59.53,2
7154,29.88,5.72,-32.97,2
7853,49.44,12.41,-31.81,2
6188,75.09,5.8,-11.21,0
7097,38.86,16.3,-23.86,2
944,68.67,5.06,-19.59,1
4041,60.45,7.45,-4.3,0
3997,67.78,19.46,-59.14,0
557,25.52,6.63,1.98,1
8722,31.38,6.69,-22.13,2
6266,59.67,13.97,-23.33,0
6657,32.37,11.02,-39.86,0
1261,76.2,16.83,-29.35,0
4546,14.28,9.94,-27.35,0
2118,6.74,15.2,-6.3,0
6078,36.86,10.81,-49.2,0
1704,61.16,16.48,-30.93,0
6468,47.26,9.7,-17.67,0
4860,48.2,4.45,-19.2,0
5681,54.49,13.27,5.59,0
9122,52.43,2.0,-4.74,2
1964,23.56,7.68,-24.37,0
9691,27.76,5.51,-4.44,2
271,70.07,7.11,-44.85,1
9146,62.05,9.44,1.12,2
7428,23.8,5.43,-29.88,2
7999,37.59,9.2,-33.73,2
1324,21.09,11.36,-45.47,0
1016,70.98,12.82,-14.15,0
6510,4.87,7.56,-1.8,0
2870,0.82,7.16,-27.77,0
9683,89.16,10.05,-34.17,2
3993,78.65,16.53,-20.03,0
6957,55.89,16.04,-0.59,0
9644,65.96,15.04,8.93,2
8820,12.9,11.82,0.93,2
2421,35.91,8.52,-27.54,0
5061,73.85,12.43,-5.73,0
9788,48.24,18.49,-24.21,2
1640,25.69,5.48,-33.41,0
8915,76.72,1.33,6.76,2
903,46.27,4.76,-48.72,1
682,68.37,11.33,-36.91,1
3250,54.25,7.49,-47.21,0
7962,14.37,6.24,-56.4,2
3552,55.29,2.65,-24.05,0
9624,68.52,5.82,-6.18,2
1885,15.0,3.23,-59.31,0
8505,85.87,7.06,-44.54,2
2295,50.1,4.81,-44.69,0
8876,20.28,2.41,-40.02,2
8391,82.34,5.89,-22.03,2
9923,17.69,3.77,-16.49,2
9057,49.48,12.32,-19.14,2
4855,28.4,6.92,1.72,0
5570,63.87,7.76,-47.6,0
3292,70.49,1.02,-40.45,0
4718,39.17,14.16,-34.8,0
1391,-1.67,9.1,7.87,0
1245,13.86,5.94,-20.98,0
2941,18.68,13.86,-41.32,0
7440,22.16,11.8,-45.08,2
249,72.35,15.95,-48.02,1
7360,11.73,7.36,1.22,2
3726,53.17,7.97,-36.6,0
7183,19.15,3.33,-0.82,2
7262,9.5,1.56,-24.26,2
2534,38.8,2.3,-53.02,0
6845,89.17,5.37,-56.63,0
1285,68.73,9.35,-12.98,0
141,62.18,3.21,-51.9,1
7153,19.33,5.61,4.99,2
1578,85.51,2.59,-32.92,0
4993,21.9,2.08,-21.55,0
9382,70.23,13.09,-7.56,2
8776,8.66,5.43,2.97,2
7769,59.21,4.0,-49.09,2
8828,26.66,9.81,1.21,2
8731,23.91,3.94,-10.54,2
9722,52.51,7.7,-22.9,2
9662,77.4,7.67,-16.65,2
1617,86.04,6.78,-35.39,0
2727,49.32,15.38,-14.17,0
9868,22.03,3.25,-25.0,2
5595,31.08,6.91,-48.38,0
7238,16.96,3.5,-39.93,2
5178,47.86,5.77,-23.16,0
6598,18.84,5.47,1.96,0
233,42.27,6.67,-50.08,1
7451,41.9,5.63,-21.71,2
9897,74.28,11.91,7.7,2
9297,28.72,4.59,4.47,2
5302,51.3,7.62,-48.58,0
2639,28.2,1.59,-21.9,0
8184,66.4,3.92,-33.14,2
5311,47.78,6.86,-5.16,0
7111,79.03,5.33,-33.62,2
3302,23.96,4.68,-46.49,0
5530,-5.51,1.28,-10.89,0
478,13.98,7.93,-1.6,1
9453,9.3,3.84,-46.98,2
316,31.14,3.34,2.17,1
8211,73.84,5.75,-24.03,2
5016,50.51,2.54,-43.38,0
2183,40.48,18.28,-15.35,0
4332,43.15,3.73,-37.38,0
5158,38.53,5.12,2.17,0
9848,75.64,6.51,-46.34,2
5695,52.77,7.76,-48.15,0
109,79.26,4.85,-4.63,1
7721,17.88,13.45,-41.59,2
1280,34.92,12.29,-56.39,0
1051,56.36,4.9,-58.71,0
2355,14.74,13.17,-5.77,0
3631,52.77,2.45,0.12,0
6121,16.67,7.5,-18.27,0
3530,58.04,4.98,-46.95,0
5374,65.57,12.82,1.2,0
9238,13.7,9.03,3.1,2
2833,34.77,8.83,6.01,0
5873,49.63,1.86,-33.93,0
3262,75.53,10.9,-56.66,0
5425,3.15,6.35,-46.12,0
4914,59.98,12.59,-5.32,0
6654,70.85,8.32,-26.29,0
1517,87.33,11.1,-6.16,0
5336,41.09,7.75,-36.5,0
10,31.4,2.85,-27.89,1
2961,86.1,14.48,-8.16,0
9421,41.59,6.66,-19.83,2
6756,17.18,15.29,-34.73,0
4871,52.93,7.14,-0.02,0
6360,37.33,23.72,-36.3,0
5817,18.35,11.99,-24.93,0
2412,29.81,1.85,-53.6,0
8960,70.32,16.31,4.6,2
2826,24.93,12.69,-38.97,0
5946,56.01,4.01,0.88,0
7662,83.76,12.61,-34.71,2
7236,47.57,20.12,-32.58,2
1110,15.09,2.28,-37.04,0
6437,36.24,4.64,-1.57,0
4644,52.42,13.99,-55.16,0
2954,87.71,3.22,-42.26,0
6405,72.05,7.34,-59.92,0
8389,49.94,9.9,-21.28,2
9020,20.34,10.17,5.07,2
336,11.14,9.59,-48.15,1
8837,70.93,9.27,-42.72,2
3014,66.77,3.86,-5.56,0
9650,63.74,19.9,-30.53,2
7867,58.79,11.64,-41.54,2
2720,79.69,8.67,-32.69,0
5219,-0.71,11.51,-43.07,0
7352,56.94,4.94,-33.19,2
6677,35.16,5.75,-54.25,0
8413,87.89,2.9,-0.71,2
3586,90.63,6.13,-15.09,0
4085,51.69,14.87,-4.73,0
9594,65.56,3.8,-40.05,2
3342,76.05,4.33,9.37,0
9479,28.63,3.44,-12.74,2
110,30.29,14.54,-53.17,1
9918,66.78,5.28,-58.92,2
1737,17.91,3.66,-12.84,0
3200,71.68,6.28,-5.24,0
5117,44.75,7.17,-10.99,0
3690,23.62,11.7,-18.12,0
5373,73.18,6.27,-38.58,0
3070,74.47,5.83,-3.85,0
1149,67.61,8.91,-43.68,0
9750,35.41,6.51,-7.31,2
1420,72.76,17.1,-45.22,0
6631,77.65,6.1,-2.34,0
5710,61.47,9.13,-30.92,0
210,12.68,22.84,-46.82,1
7719,22.3,9.96,-4.92,2
7306,71.61,12.93,1.53,2
2845,83.43,11.9,-51.07,0
3710,10.25,8.94,-21.77,0
9034,19.05,12.04,-53.16,2
7792,38.6,7.66,-30.81,2
9115,8.97,1.5,-0.36,2
1187,34.69,5.94,7.94,0
7714,4.2,7.88,-43.82,2
395,68.2,6.08,-37.23,1
2613,78.42,7.45,-56.79,0
9096,14.35,12.7,3.75,2
8365,69.08,10.47,-55.01,2
4112,5.68,7.97,-32.93,0
9363,27.3,27.64,-14.77,2
7726,35.38,11.91,9.79,2
9938,9.57,8.54,-52.22,2
8217,47.17,10.99,2.32,2
790,3.42,2.16,3.0,1
2281,81.43,5.19,-51.0,0
9229,62.71,12.92,-29.98,2
9525,39.94,10.32,-24.27,2
9357,0.23,4.7,-11.82,2
642,10.1,7.24,-0.07,1
9893,79.44,5.45,-55.18,2
1999,5.99,2.76,9.82,0
4436,78.76,5.28,3.0,0
4415,25.17,12.19,-18.18,0
8855,63.69,10.03,-52.04,2
5354,26.26,3.08,-7.67,0
2008,70.4,8.98,-4.66,0
6678,77.34,9.67,-0.57,0
8199,81.57,16.53,4.78,2
833,43.03,6.76,-54.66,1
4854,58.71,3.23,0.33,0
5389,34.13,9.5,-7.35,0
6892,71.91,22.04,-17.75,0
4723,50.6,14.99,-36.18,0
3590,5.73,11.05,9.34,0
9097,67.27,17.71,-27.57,2
5521,54.13,12.78,5.04,0
2821,48.0,10.8,6.66,0
2445,64.86,8.78,9.02,0
9785,67.39,6.77,-13.01,2
4177,84.53,3.16,-28.45,0
7227,67.75,8.29,-17.97,2
4730,30.91,5.42,-24.96,0
9218,85.74,8.04,-12.76,2
3935,0.95,3.17,-42.09,0
5714,6.5,3.59,-59.34,0
9474,75.25,9.19,-36.01,2
9024,63.41,9.86,-50.65,2
4495,-1.97,3.52,-14.54,0
7172,96.09,7.42,5.2,2
838,43.44,0.5,-43.44,1
667,5.71,12.87,2.88,1
9305,47.31,19.74,-14.31,2
812,56.64,11.61,-23.18,1
8060,72.82,17.14,-21.61,2
6656,30.17,9.99,-28.71,0
1682,0.29,14.02,-3.62,0
721,4.99,3.9,9.5,1
5970,69.39,1.83,-37.48,0
3,12.99,10.4,-59.6,1
3282,79.09,7.84,-27.39,0
872,36.04,16.95,-52.15,1
8698,33.96,18.41,0.24,2
3617,38.11,24.94,9.07,0
5182,26.36,17.36,-57.52,0
1295,67.25,10.11,-45.99,0
3803,39.4,11.06,-25.63,0
6085,21.44,20.28,-39.56,0
7637,6.85,14.71,-15.51,2
9829,15.15,12.03,-45.84,2
9164,58.22,4.18,-59.33,2
1852,21.99,5.49,-21.74,0
214,75.43,6.59,-1.45,1
8223,71.18,6.5,-8.15,2
260,18.71,4.85,-22.85,1
6447,20.13,12.64,4.64,0
3995,51.78,29.85,-38.62,0
7883,-1.1,4.83,-37.92,2
2998,68.88,2.84,-33.02,0
8331,66.12,13.86,-32.17,2
9008,45.17,1.07,-11.71,2
7546,58.35,17.03,-40.77,2
107,74.2,16.01,-38.88,1
2545,29.11,10.25,-9.61,0
1085,58.05,6.62,-9.6,0
303,61.79,7.13,-52.4,1
320,81.11,26.68,-35.77,1
9054,41.26,18.59,-43.52,2
2261,16.16,8.34,-40.74,0
9000,25.15,17.63,-29.98,2
7471,75.47,5.49,8.46,2
6727,31.76,12.05,-32.17,0
6969,41.52,5.11,9.29,0
2381,7.85,3.92,-26.45,0
2221,25.07,11.42,-5.64,0
1160,83.56,13.05,-37.05,0
8970,15.52,8.19,-39.13,2
4950,68.3,18.27,-5.76,0
5640,61.64,1.28,-27.22,0
747,41.51,7.44,-47.26,1
2624,7.18,9.62,-55.4,0
7324,50.98,1.67,-31.42,2
5364,-0.97,7.26,-6.78,0
5018,78.41,4.27,-58.6,0
5356,4.95,5.25,-32.38,0
3748,21.63,10.77,-1.64,0
5419,23.79,7.24,-57.68,0
9448,52.93,4.54,-53.19,2
6265,69.93,17.3,-6.7,0
5983,0.68,7.22,-9.83,0
1229,12.93,4.56,-13.38,0
7043,39.28,5.42,-26.26,2
6861,87.66,9.39,-53.64,0
7630,77.55,7.33,-48.3,2
6525,30.45,5.29,-27.87,0
7613,88.07,11.01,-48.27,2
4218,25.36,2.16,-47.33,0
9314,28.49,4.88,-42.37,2
5105,-0.62,11.13,-36.18,0
8301,68.26,3.27,-18.49,2
2751,57.81,7.01,-36.37,0
5,34.86,7.86,-47.64,1
7391,51.29,8.38,-57.63,2
4498,42.58,17.51,-19.9,0
8610,21.53,1.83,-14.65,2
9913,83.18,0.99,-15.91,2
4755,39.36,11.45,-16.82,0
8357,66.01,3.96,-6.5,2
540,63.4,7.9,-30.86,1
6770,50.53,14.66,-54.79,0
1672,9.7,4.83,-3.41,0
2939,-1.1,3.33,-4.19,0
1388,67.02,16.51,-51.45,0
4251,3.98,5.37,-34.33,0
9304,78.78,15.09,-52.99,2
6245,5.24,8.14,6.28,0
9503,63.57,10.99,-19.44,2
9621,-6.55,13.71,-21.54,2
3533,43.23,5.05,4.45,0
4573,36.9,12.66,-26.2,0
6155,77.3,5.41,-13.58,0
5293,24.62,6.93,-38.6,0
631,47.49,10.99,-48.08,1
7835,52.29,1.7,-9.07,2
4764,83.24,9.11,-18.95,0
4449,37.29,9.09,-57.38,0
5164,58.92,15.65,-3.65,0
6515,28.91,4.25,5.2,0
106,40.0,12.66,-40.41,1
7144,53.63,22.09,-33.0,2
6190,64.87,9.77,-13.49,0
1140,11.54,6.67,-42.96,0
6651,19.84,4.53,-7.54,0
7713,14.15,7.43,-36.16,2
3937,48.6,6.84,-38.86,0
75,92.45,4.69,-53.65,1
6382,36.76,13.79,-37.73,0
6901,59.43,0.99,-30.4,0
4688,51.38,10.24,-34.95,0
7946,25.63,5.37,-24.37,2
135,25.7,7.53,-44.35,1
571,27.67,8.65,0.35,1
7905,55.26,7.56,-35.23,2
151,74.45,19.57,-36.39,1
9793,80.23,5.18,-2.41,2
7370,78.17,3.79,-2.84,2
3341,48.2,3.88,-0.54,0
7087,82.72,7.06,4.55,2
1928,84.5,7.62,-17.36,0
3871,9.05,1.76,-47.48,0
7397,45.77,2.98,-37.27,2
8965,20.95,7.23,-12.47,2
4441,42.4,22.24,-35.87,0
6499,45.34,4.28,-3.26,0
4267,74.1,3.66,-26.97,0
9630,51.18,3.71,-7.68,2
7759,89.46,11.72,-35.38,2
6046,45.49,5.46,-42.95,0
3633,14.31,8.32,-53.31,0
5964,73.62,8.48,7.37,0
9828,7.06,15.02,-2.91,2
9597,1.67,9.09,-28.62,2
4902,81.34,5.06,-48.71,0
5486,31.6,8.85,-8.76,0
4766,57.5,8.44,-40.73,0
8059,77.54,21.69,3.15,2
1813,49.15,6.6,-8.43,0
7398,70.75,22.19,-36.79,2
884,11.19,4.21,-53.9,1
6150,50.31,13.34,-45.66,0
5562,23.4,13.26,-30.03,0
1073,18.51,12.98,-22.0,0
4777,49.9,2.66,-57.75,0
1535,25.14,10.45,6.38,0
3215,21.84,24.56,-19.86,0
2313,26.94,5.15,-13.71,0
9067,82.71,5.08,-20.97,2
3259,27.76,8.84,-31.47,0
6262,25.78,11.41,-16.5,0
7744,44.88,29.79,-42.37,2
986,14.53,25.09,-23.16,1
3394,2.65,16.08,-17.34,0
3047,3.27,10.74,5.01,0
6725,86.05,11.67,-19.37,0
6950,23.54,4.6,3.96,0
8817,22.58,6.67,-51.2,2
7225,7.08,8.08,-19.99,2
9535,20.11,9.57,-59.93,2
479,20.45,6.5,-28.52,1
844,57.17,7.16,-10.01,1
8136,-2.76,17.74,-24.02,2
423,78.97,5.84,-56.76,1
9333,74.1,6.89,-6.37,2
3800,8.3,15.19,-10.47,0
7207,33.13,9.15,0.5,2
243,39.39,10.64,5.91,1
5572,23.04,7.88,-3.32,0
3712,-2.52,10.18,-33.97,0
1746,82.63,12.11,-57.91,0
6479,9.84,13.91,-29.41,0
8885,75.47,3.25,-57.87,2
4539,40.54,6.98,-25.46,0
2547,49.6,9.17,-25.54,0
9031,8.97,23.5,-24.5,2
9141,10.73,8.26,-4.08,2
1657,20.3,14.98,0.78,0
1650,58.99,10.95,-10.14,0
6452,76.66,3.02,-53.45,0
5278,80.89,5.39,1.53,0
1496,20.29,8.13,-44.07,0
58,87.17,4.47,-9.1,1
1944,66.95,6.51,-16.17,0
8903,16.84,3.29,-7.49,2
1922,56.37,9.37,-4.86,0
5342,-3.85,2.69,-25.94,0
612,95.97,5.53,-41.37,1
3208,49.07,4.14,-54.59,0
4876,57.65,15.21,3.66,0
9306,69.47,7.09,-56.6,2
789,67.55,4.88,-48.61,1
913,26.77,3.91,3.52,1
8907,40.28,7.35,4.55,2
673,46.21,24.1,5.86,1
1658,29.83,5.86,-59.06,0
749,42.45,16.7,-27.07,1
8712,11.49,1.88,-14.52,2
7308,62.5,7.99,-8.35,2
9084,13.53,2.42,-27.71,2
4774,1.87,3.75,-42.24,0
1452,66.06,8.58,-8.31,0
2848,54.18,11.73,-2.77,0
5052,81.72,7.5,5.52,0
164,69.39,5.03,-51.79,1
1341,59.53,5.2,-1.49,0
6569,43.09,7.12,-42.89,0
5680,46.47,29.81,-3.11,0
1673,2.02,6.48,-24.18,0
6530,75.94,5.46,-53.73,0
1467,45.97,14.7,-9.79,0
2929,38.53,7.39,-11.16,0
7347,11.35,2.93,-43.5,2
1417,81.25,15.9,-51.86,0
9261,1.46,6.35,-38.56,2
5337,11.89,2.29,-15.51,0
6128,19.89,0.81,9.73,0
7302,47.02,8.38,-53.67,2
5670,33.71,4.51,0.03,0
777,33.62,10.66,2.16,1
2500,1.49,18.01,3.83,0
3017,81.44,13.47,-44.63,0
6673,63.97,4.83,-22.01,0
1390,76.01,1.33,-6.91,0
1010,48.78,3.67,7.37,0
5222,72.28,10.12,-3.95,0
4039,29.05,5.52,-31.78,0
1610,49.56,20.84,-46.55,0
8633,13.62,12.6,-6.59,2
8968,19.53,4.72,-9.06,2
2048,59.07,7.3,-20.18,0
7850,57.52,19.77,-40.23,2
7098,-0.47,8.52,-57.14,2
2280,46.89,12.92,-22.99,0
1372,9.33,2.43,-22.81,0
7984,29.94,5.92,-45.71,2
4525,85.66,5.71,1.05,0
4558,34.34,8.8,-53.44,0
1527,48.86,18.22,-26.8,0
6439,78.12,7.91,4.84,0
1974,54.26,6.1,-41.83,0
5786,17.34,9.14,-38.27,0
4381,74.91,11.09,-12.16,0
5657,25.95,10.3,5.92,0
9896,35.97,15.91,4.39,2
8066,63.12,7.15,-11.65,2
6032,8.42,8.01,-21.33,0
4746,10.97,1.45,-59.07,0
2210,56.72,11.39,-30.15,0
9549,14.91,8.33,-29.43,2
4297,74.13,6.21,-38.21,0
9967,85.48,8.66,-50.64,2
8138,48.04,9.56,8.63,2
9197,63.63,9.48,-11.0,2
4963,70.17,8.92,-57.36,0
980,24.45,18.26,-38.71,1
6316,73.86,4.71,-29.43,0
1156,84.26,14.93,-9.08,0
9850,23.51,11.25,-34.43,2
1849,15.2,9.84,-10.25,0
9997,45.37,3.68,-33.13,2
7511,76.06,8.83,-34.45,2
2025,53.24,9.42,-28.56,0
530,52.83,13.96,0.5,1
2650,58.94,4.67,-9.81,0
4028,7.14,5.08,-46.72,0
553,42.36,6.32,-53.05,1
6308,64.16,9.92,-54.18,0
1814,59.81,11.3,-0.53,0
3855,15.74,8.34,5.23,0
8634,63.97,5.78,-19.51,2
3222,25.79,1.88,-45.03,0
1368,62.79,5.69,-15.35,0
5997,7.13,4.88,-35.91,0
8706,55.94,3.55,-9.25,2
6986,61.37,5.01,-56.98,0
2061,67.33,9.95,4.85,0
4616,23.18,10.5,-22.53,0
5615,53.22,2.09,-14.0,0
5080,63.78,12.19,-43.81,0
3358,-13.14,8.94,-25.11,0
7551,26.57,9.4,-29.27,2
9066,44.36,19.88,-41.87,2
1796,51.56,6.17,-14.23,0
4960,1.51,7.4,-55.71,0
2343,35.05,13.57,-14.26,0
3589,26.76,10.24,-18.13,0
6971,63.07,8.55,-23.41,0
5524,41.83,6.67,-36.48,0
7732,20.7,20.88,2.58,2
156,74.94,12.61,-58.75,1
8435,10.53,13.13,-19.23,2
555,71.98,8.87,-40.02,1
6158,54.67,11.79,4.79,0
7396,80.38,10.77,9.11,2
567,69.51,6.48,-30.93,1
6749,34.23,13.31,-18.48,0
5484,38.11,6.47,-47.89,0
1068,5.9,9.74,-30.49,0
396,61.74,12.37,-8.77,1
9559,46.09,4.33,-50.23,2
2,82.87,1.73,0.83,1
4250,57.74,11.85,-19.52,0
3152,80.39,13.63,-31.03,0
6417,84.68,5.38,-52.58,0
2492,32.4,8.36,-53.3,0
180,38.43,19.04,-2.37,1
9909,13.09,17.63,-15.6,2
6896,47.69,1.9,-8.57,0
9175,66.93,9.59,-12.66,2
2033,85.64,4.07,-53.66,0
7545,27.76,9.73,-30.08,2
6791,34.21,14.52,-21.6,0
181,74.25,7.3,-55.3,1
5143,79.83,3.88,-55.11,0
6840,43.85,10.39,-22.25,0
3660,16.51,3.75,7.05,0
1249,54.48,10.53,-13.14,0
1967,32.89,4.09,-46.06,0
9072,35.24,10.52,5.97,2
405,39.41,5.72,-31.3,1
2900,48.53,7.17,-9.73,0
3338,61.81,6.4,-30.11,0
9601,91.31,8.75,-12.2,2
9889,23.72,6.6,-1.71,2
3360,16.66,8.76,-5.1,0
8626,17.05,18.47,-30.83,2
8849,44.83,3.3,-49.02,2
3933,-3.26,6.03,8.39,0
5799,26.19,19.98,-28.96,0
1428,16.0,8.59,-14.94,0
4133,-0.81,5.1,-21.28,0
8147,56.17,2.75,-18.0,2
7618,18.29,2.04,-45.57,2
8684,36.7,20.25,0.65,2
5669,32.13,7.23,-1.05,0
415,21.7,8.47,-37.22,1
7247,54.74,9.54,-50.58,2
2196,66.31,13.15,-2.89,0
2541,22.96,7.41,-28.45,0
3814,63.66,9.33,-39.2,0
7435,64.57,5.05,7.22,2
3197,31.81,6.58,-30.62,0
2162,45.51,3.62,-54.6,0
6422,91.84,2.16,2.28,0
7420,1.9,7.94,-9.1,2
3899,67.02,7.34,1.12,0
5861,17.89,3.42,0.58,0
1440,61.54,3.59,3.57,0
2770,64.51,8.81,-11.1,0
1506,44.35,2.73,-23.14,0
7875,58.92,9.44,-48.87,2
5159,71.33,10.82,-35.69,0
7670,18.06,4.57,-44.04,2
4103,16.32,11.87,-25.82,0
6526,30.69,4.07,-2.77,0
2533,69.05,9.0,-4.86,0
9404,35.58,13.38,2.54,2
9908,42.58,4.18,-4.09,2
8317,80.09,7.97,1.2,2
50,92.07,7.31,-24.0,1
8428,64.15,13.56,-21.72,2
2762,56.08,3.4,-16.98,0
4058,70.16,5.12,-39.5,0
9029,26.06,5.43,-23.6,2
602,7.93,6.98,-41.78,1
8061,39.07,10.22,-12.46,2
8686,47.7,6.74,-51.87,2
9735,12.09,25.18,-1.13,2
2090,66.37,5.0,-59.79,0
2095,76.97,2.28,-52.4,0
2149,34.64,15.47,9.1,0
3049,58.09,4.58,-4.11,0
8169,37.09,6.26,-28.86,2
7821,32.35,6.41,-19.51,2
4571,38.61,4.52,-55.29,0
4556,32.34,8.83,-36.84,0
1225,61.66,5.81,-52.6,0
5560,33.93,16.93,-49.47,0
2339,52.52,9.95,5.86,0
9599,61.21,4.08,-34.31,2
3603,33.95,10.86,-58.64,0
3740,-5.44,5.2,-25.01,0
1344,72.13,10.44,-39.92,0
3351,72.28,6.38,-44.96,0
6056,50.74,4.89,-53.94,0
3704,31.21,3.65,1.81,0
6733,-4.72,17.41,-9.82,0
4403,50.84,5.12,-5.86,0
5852,69.43,8.22,-20.73,0
3297,79.11,3.55,-2.6,0
6787,66.59,7.35,-9.91,0
2172,47.73,4.42,-58.0,0
2160,1.83,6.5,-47.09,0
3735,8.77,7.83,-30.17,0
9892,33.4,7.57,1.4,2
7128,81.13,10.8,-39.8,2
2644,48.67,4.71,-16.25,0
1757,61.89,16.09,1.49,0
6952,62.28,10.13,-56.27,0
263,58.06,3.12,-9.04,1
8703,72.89,10.54,-31.47,2
8983,56.26,8.9,-43.6,2
7498,26.34,13.28,-59.46,2
3695,17.58,12.11,-43.51,0
1839,72.46,8.98,-58.68,0
5136,13.12,7.98,-11.57,0
9668,23.33,4.29,-53.21,2
9529,79.06,10.57,-35.22,2
1859,72.89,9.12,-20.29,0
7874,11.71,17.63,-6.94,2
0,2.71,10.39,-36.45,1
1329,15.66,1.38,-53.33,0
866,74.64,7.15,-33.59,1
6314,28.06,20.3,5.66,0
9393,68.09,5.21,-7.56,2
4035,34.53,3.55,-17.15,0
5471,41.46,7.59,-4.14,0
4602,73.97,7.14,-58.86,0
2951,82.89,9.09,5.33,0
7626,31.73,9.69,4.31,2
3206,47.31,19.02,-58.9,0
8310,24.13,12.41,-29.26,2
7508,75.68,6.64,-40.35,2
8014,4.32,6.72,-56.45,2
930,46.58,3.21,-23.01,1
9511,33.33,11.42,0.05,2
6681,82.75,23.7,-57.23,0
7717,68.74,17.2,-27.16,2
1572,80.42,10.55,-37.87,0
2522,84.55,4.07,-7.94,0
9571,63.14,9.07,-26.68,2
8931,12.32,20.62,-27.17,2
371,81.41,14.62,-3.49,1
3209,14.74,7.71,-7.42,0
8177,45.89,7.51,8.01,2
7977,38.53,6.11,-59.44,2
5310,75.3,19.15,7.37,0
7739,59.91,4.58,-50.45,2
4879,43.03,16.85,-13.1,0
9205,43.17,5.12,-57.49,2
7477,56.35,3.62,-47.09,2
8877,67.59,5.19,-12.13,2
2442,30.86,8.41,5.07,0
5505,-4.64,2.99,-33.78,0
497,85.26,9.52,-0.78,1
9586,71.31,14.38,-59.65,2
1195,19.11,11.55,-32.17,0
3434,67.2,17.38,7.16,0
2461,89.73,8.2,-28.72,0
2153,42.22,2.73,-38.05,0
8617,38.71,13.04,-2.13,2
3293,9.24,11.45,2.06,0
2247,75.9,12.19,-47.06,0
7163,52.64,17.87,-6.38,2
8725,87.59,8.78,-0.76,2
7473,77.54,5.13,-14.9,2
2169,69.65,5.57,-30.32,0
6496,73.15,10.17,-52.41,0
912,45.64,4.51,-15.41,1
2125,25.13,18.76,5.4,0
5166,77.87,5.83,4.64,0
1336,41.03,11.15,-3.53,0
7039,37.1,11.46,8.04,2
117,76.32,11.14,-45.42,1
3488,70.75,8.99,-9.81,0
5737,27.2,8.05,-12.04,0
8325,35.82,5.1,-55.35,2
5784,7.96,6.03,-8.61,0
9772,10.69,11.93,-45.47,2
9830,0.35,4.75,-55.77,2
1991,57.22,10.99,-7.52,0
1350,34.01,7.08,-16.11,0
9769,7.27,18.59,-3.63,2
2482,42.46,9.92,-54.18,0
9321,77.58,14.9,-38.86,2
6022,85.75,2.77,-29.28,0
9041,70.98,5.05,-46.27,2
8926,38.31,5.5,-46.25,2
5115,20.53,12.37,-41.16,0
335,40.38,8.99,-12.31,1
7658,2.75,7.36,-48.93,2
8583,31.3,12.62,-59.64,2
755,61.09,11.19,-14.62,1
6491,11.11,7.77,-40.6,0
1227,-4.78,5.93,-32.7,0
355,44.29,3.3,-56.22,1
9232,18.21,6.2,-11.52,2
1457,45.38,6.35,2.58,0
4901,88.75,3.37,-30.09,0
6393,-12.73,9.78,6.36,0
3171,-3.32,3.81,-54.63,0
859,62.22,7.46,-1.8,1
5268,89.34,10.12,-54.17,0
8458,52.41,7.59,-25.91,2
1806,10.53,3.8,-55.49,0
4954,15.18,11.65,-7.89,0
5030,60.05,1.56,-21.71,0
8630,3.62,13.63,-11.8,2
6650,23.24,7.69,-33.06,0
7978,34.56,2.26,-35.91,2
4391,16.66,5.44,9.63,0
3585,76.78,9.92,1.56,0
3593,57.13,3.25,-8.05,0
4970,85.4,0.95,-5.88,0
77,55.16,17.92,-24.47,1
4380,28.99,5.12,-20.65,0
130,-6.72,3.02,-37.44,1
3719,70.57,6.32,-40.07,0
8489,38.8,8.95,-37.47,2
9339,70.51,10.5,-32.48,2
2861,73.09,9.33,8.54,0
3737,45.19,10.7,-16.14,0
9192,67.48,17.59,7.67,2
246,53.53,16.17,-15.29,1
9228,76.03,7.38,-46.61,2
9050,69.77,4.78,-24.1,2
2686,60.76,5.59,-22.84,0
2291,62.35,6.83,9.0,0
9819,55.82,7.63,-44.67,2
2781,78.1,3.44,-26.96,0
1812,31.43,5.61,-38.59,0
9827,38.63,7.33,-36.65,2
3608,62.86,8.96,-26.16,0
748,57.02,6.64,-8.88,1
4596,35.02,7.51,-18.16,0
7531,29.13,8.57,-19.96,2
4178,22.17,10.49,-21.72,0
4699,24.25,2.29,-29.05,0
9123,40.98,13.7,-20.18,2
3912,18.29,10.01,-27.05,0
9075,17.21,11.73,-14.4,2
4780,58.03,22.31,-51.69,0
3126,25.06,16.65,-24.13,0
2082,26.72,7.58,-35.6,0
3923,71.09,23.14,-41.61,0
4238,2.42,10.2,-25.8,0
9558,13.19,2.84,-7.19,2
5044,9.89,7.29,2.66,0
3558,5.05,23.65,0.97,0
4110,46.84,19.13,-35.12,0
3930,55.8,1.28,-20.14,0
2403,39.5,7.34,-46.55,0
6811,61.73,7.26,-37.53,0
534,39.69,15.74,-40.26,1
3666,12.63,10.0,-22.37,0
3493,59.92,13.59,-53.8,0
2504,53.67,9.34,-41.88,0
1930,7.57,14.68,-34.1,0
7583,14.71,1.33,-37.53,2
5013,28.59,27.11,-18.83,0
836,90.35,4.01,-38.62,1
347,71.53,7.36,-56.16,1
6177,72.69,3.77,-41.07,0
2017,-2.85,4.65,6.03,0
4198,23.87,10.35,-9.09,0
7817,76.49,5.61,-0.76,2
7321,81.7,7.29,-44.01,2
9588,25.74,1.84,-58.96,2
6786,46.89,11.77,-55.55,0
9776,33.41,8.72,-45.34,2
3813,68.23,16.68,-51.33,0
8614,56.96,24.02,4.15,2
2306,5.3,13.02,-47.51,0
3563,29.09,11.75,-14.27,0
7952,23.36,2.21,-41.67,2
1638,17.93,1.34,-35.34,0
7500,41.9,16.34,-14.36,2
2092,26.11,6.71,-8.16,0
3592,85.63,10.86,-45.34,0
8924,21.58,9.31,-42.14,2
7667,59.12,12.21,-27.28,2
2716,55.44,6.45,-30.18,0
1561,13.73,8.17,-10.41,0
283,60.48,10.36,-1.61,1
2916,49.53,10.12,5.52,0
989,67.99,4.02,-33.31,1
4114,39.14,1.09,-35.12,0
5494,38.98,9.49,-0.09,0
6573,67.99,7.48,-39.87,0
1482,72.4,14.77,-20.95,0
1595,10.15,4.45,-3.76,0
8660,47.89,5.07,-26.69,2
8205,53.6,11.73,9.01,2
4254,64.96,5.99,-36.92,0
6180,30.91,6.56,-31.73,0
8575,75.51,8.46,-1.42,2
5223,77.24,5.32,9.37,0
2483,31.99,4.09,-28.02,0
342,73.97,13.65,-26.93,1
1269,88.83,33.06,3.09,0
8754,38.1,9.61,-1.46,2
5395,46.85,10.96,-55.89,0
3441,31.37,13.07,-3.64,0
8943,55.9,25.24,-20.95,2
3525,22.2,8.73,-28.15,0
938,12.89,4.15,0.65,1
6633,60.1,6.48,-28.98,0
764,73.25,33.51,-24.4,1
4323,5.64,11.16,3.7,0
8941,65.62,5.8,1.61,2
7001,65.65,7.57,-42.03,2
8450,-2.39,2.58,-43.02,2
6520,-10.8,8.83,-27.17,0
364,26.23,3.16,2.37,1
7720,62.95,7.74,-43.09,2
1542,26.58,9.46,-34.69,0
4353,21.47,10.08,-57.12,0
1970,27.11,7.96,-40.38,0
7772,44.2,2.72,-16.73,2
1258,60.23,18.93,-49.49,0
6798,14.19,4.73,-7.41,0
4535,-0.0,11.96,-5.51,0
3317,66.52,7.39,4.62,0
7431,14.89,17.89,5.46,2
5111,64.39,2.13,-34.69,0
2170,56.58,5.91,-30.46,0
3468,56.74,8.25,-13.13,0
8234,58.14,6.16,-0.01,2
8108,68.6,7.26,-57.05,2
4669,85.42,6.66,-52.98,0
2064,-1.64,15.68,-2.52,0
5188,15.89,15.7,-53.83,0
2710,34.34,6.25,-45.02,0
5624,45.04,3.63,-13.74,0
8253,26.92,18.49,-45.64,2
7963,40.53,16.81,-6.01,2
9794,14.42,18.12,-57.39,2
394,77.77,6.02,-22.64,1
5969,45.82,8.18,9.71,0
9095,-1.42,21.2,-5.78,2
1505,34.79,4.95,6.26,0
8195,68.52,10.21,-6.98,2
4700,41.09,8.72,9.2,0
6051,13.94,4.3,5.96,0
8643,16.93,14.69,-24.04,2
1294,60.42,7.83,-2.87,0
8912,14.38,4.74,-20.58,2
9216,50.2,4.1,-4.19,2
4790,29.64,9.72,-50.94,0
8620,57.81,12.32,-36.11,2
7467,33.32,4.76,-13.14,2
6818,57.56,8.11,-46.49,0
6298,51.61,5.82,7.24,0
9873,58.22,5.25,-27.06,2
2437,48.35,7.3,-46.55,0
4164,76.0,15.42,-34.33,0
3059,26.2,17.19,2.39,0
6820,47.2,7.56,-56.47,0
9584,41.06,13.21,-24.39,2
9151,62.23,14.76,-41.92,2
6426,35.9,6.39,-22.2,0
7258,41.05,2.74,-24.81,2
3163,77.12,9.2,-34.4,0
1643,53.85,6.21,-23.03,0
5281,58.56,8.12,-38.69,0
4227,71.51,6.27,6.89,0
9671,48.59,8.56,-45.22,2
1529,46.83,3.6,-53.07,0
2887,29.56,5.91,-23.83,0
904,0.45,6.03,-23.89,1
3856,13.19,18.68,4.63,0
7081,91.52,8.22,-51.0,2
4510,51.44,12.66,-21.61,0
3598,59.59,20.03,-46.63,0
240,78.6,4.63,-37.71,1
2252,29.55,4.61,3.97,0
2140,20.63,13.76,-29.27,0
5692,-3.39,8.15,3.4,0
5010,2.11,3.49,-18.13,0
8709,4.79,8.74,-4.23,2
8480,75.45,7.7,-32.98,2
1316,13.84,6.29,-10.38,0
3524,24.08,8.62,-0.35,0
5929,23.38,11.42,-20.33,0
4951,13.96,7.92,-36.98,0
6429,25.58,20.18,-0.73,0
6995,34.8,6.24,-33.0,0
700,42.92,9.71,-53.44,1
3278,30.46,7.64,-21.62,0
9105,36.11,7.02,-5.37,2
6769,40.1,7.31,-25.79,0
3551,73.41,4.42,-50.19,0
7663,50.58,6.52,-43.35,2
2636,-7.78,28.41,-27.91,0
445,64.56,7.94,-3.0,1
2858,68.63,4.07,-23.32,0
5958,12.59,10.17,-29.43,0
4450,50.5,10.28,-49.18,0
29,39.78,0.72,-3.21,1
27,71.39,8.52,-12.85,1
5237,40.7,3.33,-13.65,0
3895,19.61,4.28,-35.86,0
5459,56.81,5.04,8.47,0
6247,19.84,15.48,-29.08,0
9728,54.91,4.25,-51.29,2
596,85.87,14.45,-26.94,1
3973,66.67,4.69,-7.21,0
1373,56.65,4.47,-41.77,0
4113,-12.61,10.96,-58.63,0
2208,48.59,3.44,-21.72,0
9727,73.36,12.44,-13.38,2
1785,58.08,9.75,2.42,0
2388,75.29,6.53,-56.11,0
1621,84.36,8.5,-38.09,0
1890,4.99,14.63,-27.26,0
6408,28.72,5.44,-8.67,0
5238,61.1,4.95,-4.54,0
6919,64.0,14.97,-7.14,0
9861,39.52,8.37,-25.07,2
3082,39.41,3.55,-18.43,0
197,72.21,8.97,-24.67,1
7932,75.14,15.82,-23.5,2
315,55.95,2.96,-14.21,1
6354,60.12,6.88,-0.66,0
7778,58.87,8.94,7.39,2
5325,55.67,16.75,2.33,0
2270,50.39,12.0,-39.54,0
1901,62.48,13.25,-47.13,0
9223,52.28,5.42,-37.75,2
8369,18.58,8.98,-28.7,2
5292,10.89,16.42,9.32,0
9480,24.26,25.98,-27.78,2
2975,8.86,8.64,-51.46,0
1980,32.36,4.33,-53.7,0
1596,38.08,8.67,-44.78,0
8232,21.98,16.7,-0.89,2
7857,79.95,7.95,-5.33,2
480,42.58,10.1,-40.57,1
840,8.77,12.46,-21.71,1
169,17.85,8.77,1.72,1
843,61.69,23.64,-42.91,1
4870,78.98,9.88,-27.59,0
3916,89.3,13.39,-57.84,0
8991,83.37,9.78,-40.07,2
1988,60.86,5.71,-53.19,0
4364,35.59,3.1,-18.17,0
3605,46.42,3.87,-33.97,0
7523,36.07,6.85,-12.27,2
8040,39.44,1.63,-26.43,2
521,32.68,3.16,-35.17,1
4841,10.46,5.42,-21.46,0
1686,7.9,2.37,-5.91,0
306,25.16,6.62,-34.92,1
5759,19.34,4.21,-4.22,0
9515,82.89,6.26,-16.73,2
2002,72.62,3.98,-10.88,0
937,64.62,13.46,0.12,1
1900,72.17,6.42,-31.05,0
3500,49.86,19.35,-58.82,0
9988,66.28,10.4,-58.88,2
3900,21.16,5.19,-43.36,0
669,29.9,9.21,-12.59,1
5952,30.88,13.25,-6.51,0
735,35.14,5.1,-20.37,1
5883,34.3,6.99,-32.38,0
5901,67.41,13.22,-4.52,0
2880,8.73,13.74,-0.81,0
6208,6.18,5.17,-36.49,0
9326,29.72,6.97,-10.17,2
1456,0.48,5.17,6.14,0
6748,42.74,10.33,-56.53,0
6608,62.3,15.64,-35.0,0
7702,18.03,10.37,-23.75,2
7810,37.07,7.27,-11.58,2
9598,12.99,4.52,-7.89,2
451,83.77,4.66,-20.25,1
732,71.67,1.98,-12.12,1
9351,59.53,12.8,4.91,2
9051,29.55,5.84,-33.8,2
3382,18.46,12.99,7.12,0
406,87.88,6.45,-51.94,1
4939,71.32,5.69,8.15,0
456,14.68,6.77,-20.02,1
7267,29.21,2.86,-11.96,2
6010,62.13,11.4,-30.89,0
9117,35.01,5.93,-46.85,2
102,19.89,20.58,0.04,1
6946,68.04,6.29,-10.14,0
3917,36.9,8.82,-14.05,0
2955,56.63,4.67,-45.54,0
5273,-3.25,4.0,3.51,0
9972,39.26,8.75,-1.24,2
1018,75.75,5.06,-14.1,0
1169,26.87,7.24,-1.82,0
2804,75.75,6.1,-32.02,0
4997,66.34,1.61,4.2,0
3609,31.11,10.5,-13.06,0
1030,74.58,4.83,-33.49,0
5133,72.64,8.82,-26.31,0
7228,-12.63,16.24,2.49,2
8387,81.61,12.93,-37.26,2
1950,26.9,4.88,-29.6,0
4043,18.5,9.44,-2.79,0
1172,89.17,4.06,-21.09,0
1647,58.76,13.71,0.01,0
8647,9.15,2.14,-53.8,2
6705,30.38,7.46,-7.35,0
2632,37.29,7.72,-59.58,0
3213,25.27,7.78,-25.51,0
5820,2.34,6.06,-57.79,0
4547,8.79,12.29,8.78,0
3465,24.18,6.75,-27.99,0
1648,44.28,2.92,-5.18,0
1037,71.21,9.76,-3.96,0
3498,-1.84,11.87,-34.86,0
4295,20.22,6.8,-8.76,0
4241,78.87,11.23,-40.85,0
4059,63.0,7.3,-36.08,0
266,91.97,2.48,-6.96,1
359,62.47,14.21,-27.67,1
6095,54.01,6.68,-38.66,0
8032,27.75,2.36,-35.57,2
2129,44.03,5.21,-11.28,0
7419,34.17,9.09,-53.3,2
4429,65.86,17.38,-33.01,0
6082,55.32,9.87,-20.85,0
7525,70.1,4.73,-15.02,2
966,29.9,8.35,-50.65,1
5942,54.03,11.11,-26.62,0
4923,78.37,3.57,-3.4,0
9843,41.02,8.11,-53.04,2
5512,14.25,6.59,-54.46,0
4319,79.3,3.69,-56.48,0
4009,35.51,9.39,4.84,0
5132,37.61,10.55,-16.48,0
6261,55.84,13.14,-30.42,0
9285,57.56,17.89,8.54,2
8400,22.89,4.32,-12.06,2
1771,6.43,9.25,-38.71,0
5551,7.15,6.9,-2.97,0
8364,62.3,13.44,-1.21,2
1508,35.05,2.36,-10.26,0
6302,60.51,16.49,-39.27,0
2173,81.39,17.93,-40.3,0
5932,61.25,11.74,-42.53,0
8430,82.03,5.79,-44.39,2
1698,83.37,4.41,-26.65,0
5810,34.83,13.48,-16.98,0
7116,5.47,11.52,-44.46,2
4053,1.2,13.01,-43.15,0
2346,27.15,4.64,-53.16,0
3484,78.1,25.13,-36.96,0
1528,76.01,3.61,-47.76,0
8659,0.88,5.89,-27.02,2
1290,30.51,4.81,-18.27,0
6088,15.98,7.44,-41.49,0
8044,5.85,6.53,-27.48,2
4749,35.4,5.19,-59.47,0
9149,60.55,7.16,-58.65,2
3831,42.54,19.41,6.05,0
3345,47.42,5.53,-58.2,0
8120,61.17,11.61,-32.17,2
1921,55.36,9.59,-35.07,0
2565,44.52,10.45,7.45,0
1235,15.9,1.38,-6.12,0
8175,64.07,7.27,-49.34,2
3307,30.38,7.36,3.26,0
3016,37.38,5.26,-51.86,0
9220,17.24,10.09,-5.63,2
1139,61.29,9.19,-33.27,0
9372,25.83,3.03,-42.64,2
6044,1.43,4.74,-7.34,0
3260,24.94,6.03,-16.15,0
4437,80.13,20.63,-37.45,0
4240,52.02,5.17,2.96,0
3348,11.85,9.11,-20.59,0
11,35.99,19.02,-25.14,1
8166,47.13,11.46,-14.65,2
4290,101.52,12.6,-20.69,0
5503,15.9,3.59,-5.86,0
7035,62.99,10.54,-16.25,2
6065,37.58,7.5,-42.96,0
987,25.16,3.84,-4.29,1
2288,78.6,6.02,-58.27,0
1895,23.59,4.81,-28.12,0
947,53.94,4.27,-8.68,1
6531,80.76,7.7,-28.25,0
6609,49.46,9.79,-0.45,0
234,64.01,10.82,5.61,1
932,5.19,15.51,-50.6,1
1798,14.18,4.32,-3.64,0
56,51.28,5.53,-24.74,1
3269,48.74,17.34,1.62,0
2104,4.2,1.27,-27.67,0
8425,51.94,4.94,-54.09,2
7449,93.52,4.46,1.71,2
4523,66.14,9.7,-10.81,0
8114,41.41,8.12,-20.08,2
730,72.38,5.59,-10.84,1
5330,69.84,9.01,6.05,0
8218,45.19,13.7,-22.59,2
1953,87.48,5.33,-21.93,0
5826,58.62,11.2,1.27,0
7783,-6.84,3.83,4.04,2
8901,43.42,29.12,-16.64,2
7401,58.19,12.38,-31.53,2
9891,67.4,10.21,-15.24,2
3487,5.2,10.45,-9.49,0
9214,20.86,11.98,7.41,2
7515,25.77,5.27,-4.9,2
9977,47.77,5.87,6.5,2
9441,7.68,11.76,-4.74,2
7710,41.11,1.92,-58.47,2
5428,35.46,4.2,-34.3,0
3507,42.69,3.6,-47.69,0
5280,11.22,7.29,-23.72,0
9833,34.78,11.52,7.38,2
7880,58.91,15.64,-53.28,2
4769,77.33,8.2,-46.97,0
1106,16.35,11.44,-11.92,0
4413,71.81,1.15,8.28,0
3052,28.17,18.75,-31.7,0
4501,50.36,2.75,-25.65,0
3352,39.34,16.16,-38.89,0
3266,29.74,7.1,-30.32,0
5555,47.19,4.37,-52.1,0
1864,54.63,8.47,4.8,0
4442,66.9,23.98,-39.11,0
3248,44.22,6.71,-53.22,0
9629,82.23,23.16,-29.17,2
4269,72.69,7.05,-43.16,0
22,43.54,4.73,-24.59,1
9495,33.23,12.09,-19.72,2
1188,0.66,23.23,-0.21,0
1580,23.39,7.57,-57.45,0
5212,5.48,13.18,-24.37,0
3411,57.51,4.0,-14.97,0
1355,24.39,9.99,-26.67,0
6847,26.49,10.77,7.54,0
8215,35.74,9.02,4.37,2
4697,10.78,18.44,-4.64,0
8444,12.36,8.91,-36.59,2
7966,25.31,3.22,-8.96,2
6783,41.36,18.92,-15.04,0
1458,53.75,6.49,-39.68,0
1484,43.1,6.2,-28.58,0
9702,42.88,7.6,-18.5,2
6875,60.77,12.05,-34.51,0
1664,17.19,10.08,-24.55,0
7303,46.07,6.82,-6.75,2
7632,75.37,14.91,-54.97,2
1715,64.63,5.43,-37.8,0
5284,60.51,16.23,-39.51,0
8537,49.27,10.08,5.04,2
319,52.07,8.72,-54.63,1
4843,51.25,16.85,-13.14,0
3074,66.16,11.56,4.7,0
2771,88.84,12.93,8.68,0
979,21.39,6.58,-6.81,1
6392,67.88,13.48,-46.37,0
7204,52.66,5.39,-24.13,2
7802,6.08,12.4,-24.04,2
8887,23.93,4.83,-38.48,2
3928,56.61,9.69,-13.81,0
2144,4.87,19.57,-8.31,0
7728,72.86,7.82,-35.71,2
8851,76.17,6.05,-27.09,2
9633,30.58,9.56,-32.28,2
1904,6.99,2.41,-8.79,0
6649,42.37,12.1,2.82,0
9502,42.05,15.66,-15.13,2
8571,59.17,10.08,-30.84,2
8343,58.58,10.32,-49.01,2
9432,34.73,13.12,-13.04,2
5742,46.66,22.3,-5.13,0
6721,85.07,6.86,-15.94,0
9618,0.56,3.83,-49.41,2
4065,41.1,13.63,-57.11,0
368,68.92,15.6,-58.42,1
4930,79.53,6.85,3.59,0
6988,90.06,9.02,-53.45,0
577,48.4,11.28,-12.87,1
272,92.95,6.66,-8.95,1
9245,67.14,1.47,-58.41,2
9483,76.46,13.06,-26.59,2
4208,79.08,10.25,-43.36,0
3611,22.78,8.42,-4.39,0
9686,35.27,3.88,-43.22,2
1959,-9.78,8.3,9.05,0
9566,18.04,7.95,-52.49,2
1914,67.63,10.77,-55.14,0
3619,18.13,7.05,-51.83,0
2122,19.02,7.5,7.05,0
1826,41.9,8.23,-48.57,0
6810,2.88,16.88,-10.37,0
9170,62.66,6.22,-29.26,2
1094,76.74,7.62,-56.46,0
4096,46.56,2.57,-38.18,0
6151,17.48,10.15,-12.82,0
2394,17.43,17.97,-53.98,0
5898,6.2,5.3,-7.64,0
8865,53.29,8.1,-17.23,2
3367,64.02,5.94,-11.78,0
48,10.91,19.16,-1.9,1
4687,-1.76,5.81,6.63,0
9884,60.0,0.6,-8.89,2
6955,14.39,12.61,-42.1,0
4248,10.8,9.04,-8.48,0
4660,11.26,9.89,-17.85,0
9457,14.6,3.26,-33.0,2
2963,45.15,7.69,-22.56,0
6023,12.83,7.81,-37.25,0
5345,17.16,3.94,-35.57,0
4864,48.2,3.83,-33.88,0
5205,50.14,5.21,-45.95,0
2203,81.57,12.71,8.06,0
9985,31.18,4.41,-22.85,2
9003,56.21,9.06,-56.86,2
1805,46.08,3.43,-12.12,0
875,6.56,11.9,-7.66,1
9714,35.1,4.01,-12.04,2
2983,72.08,7.53,-31.67,0
2648,78.9,15.21,4.41,0
3901,49.24,2.75,-9.48,0
7121,14.65,8.34,-46.92,2
461,58.24,4.52,1.23,1
4726,6.22,16.77,6.23,0
6704,-8.44,8.72,-47.95,0
2384,18.26,10.65,-58.77,0
9299,68.31,23.62,-59.86,2
1361,75.43,6.96,-15.26,0
4369,8.86,8.02,-12.58,0
9169,53.21,11.85,-50.14,2
4826,49.39,11.1,-42.48,0
565,21.63,11.73,-29.44,1
1633,50.85,11.75,-0.47,0
3747,16.2,25.47,-29.31,0
3550,78.54,11.82,-39.88,0
7598,28.5,13.44,-16.07,2
7571,75.91,4.4,-41.48,2
1689,67.14,7.74,-19.53,0
1717,66.25,13.3,-33.25,0
4080,48.54,5.55,-59.33,0
9659,35.37,9.42,-49.7,2
3989,8.13,4.56,7.42,0
411,17.61,5.39,-12.69,1
7786,52.24,3.97,3.16,2
7422,0.12,8.07,-35.05,2
9193,14.97,5.38,2.13,2
5649,63.27,8.13,-50.66,0
3130,8.74,15.68,-28.44,0
9508,16.15,9.15,-41.82,2
5430,34.25,8.79,-29.26,0
6592,42.22,2.82,-30.67,0
1279,40.55,5.98,-8.67,0
144,0.6,14.64,-57.84,1
660,23.36,19.66,-57.13,1
6494,65.14,12.28,-25.51,0
4383,27.47,4.59,4.98,0
4010,7.55,5.14,-14.19,0
9852,2.19,12.68,2.91,2
4421,30.08,8.15,-49.71,0
6157,58.79,7.05,-2.87,0
9631,18.17,10.87,-13.01,2
8097,44.63,8.4,-16.9,2
3768,0.4,8.11,-37.12,0
1330,67.62,18.41,-16.57,0
8264,22.79,8.88,6.95,2
9755,78.2,7.05,-59.72,2
1712,46.17,13.91,-7.06,0
8349,12.21,18.21,-21.53,2
590,2.23,18.48,0.75,1
8668,84.41,13.89,8.14,2
3520,10.25,2.0,-45.13,0
9385,80.8,14.8,-50.62,2
2045,40.54,11.64,-48.81,0
9717,56.54,3.21,3.55,2
8015,-10.94,7.29,-27.85,2
5287,19.43,2.02,-16.95,0
3039,29.0,24.08,-40.7,0
9361,10.3,6.94,-49.76,2
9104,38.92,4.77,-8.8,2
7887,4.66,4.33,-10.06,2
7356,37.94,12.48,-56.64,2
6320,77.68,17.8,-1.87,0
9894,45.93,2.73,-57.51,2
9212,90.97,5.46,-0.95,2
2086,75.7,2.81,-42.57,0
9313,14.66,4.08,-24.51,2
515,48.84,17.25,-8.99,1
2853,82.28,10.67,-36.81,0
9461,47.52,9.45,-17.56,2
2729,29.48,10.78,-20.38,0
7516,6.39,16.68,-23.92,2
761,14.26,2.76,6.45,1
9312,33.34,1.57,-4.01,2
5776,21.8,16.27,-45.63,0
9544,71.31,7.09,-7.25,2
6972,9.74,7.8,-25.43,0
2620,48.84,4.78,-57.07,0
4862,68.83,7.12,-29.96,0
2691,13.75,16.12,-9.48,0
2897,47.96,10.19,-42.68,0
3667,28.84,2.16,-19.33,0
8595,79.74,5.91,-58.81,2
4276,18.43,2.39,-59.01,0
3426,8.0,6.11,-0.47,0
2239,54.59,9.24,-22.5,0
6562,34.76,7.5,-5.45,0
8268,30.89,21.13,-49.11,2
4553,37.59,7.19,-33.24,0
4014,30.74,2.57,-33.15,0
1288,77.09,9.96,-25.83,0
5645,63.32,4.91,-11.21,0
3588,13.87,3.73,-24.65,0
8459,41.9,6.67,-47.82,2
2736,74.27,7.15,-22.35,0
6638,86.39,15.91,-48.45,0
3305,82.98,6.17,-47.23,0
9700,-2.55,4.02,-53.59,2
2535,76.74,18.01,-39.5,0
310,14.58,6.87,-51.44,1
8017,60.87,13.6,-40.2,2
5985,82.25,4.61,-34.91,0
4128,64.28,3.79,-50.93,0
8123,37.74,6.04,9.45,2
3321,73.4,18.48,-47.66,0
293,67.78,6.3,-45.8,1
9820,24.71,10.36,-52.08,2
6585,5.56,4.23,-20.98,0
6390,35.27,10.33,-12.3,0
8645,63.71,14.33,-27.03,2
1232,37.58,7.46,-17.11,0
1665,34.82,6.23,-22.62,0
7961,-4.54,15.83,-9.79,2
8006,68.28,23.28,-18.2,2
2181,86.78,5.51,-41.77,0
7354,-2.62,14.49,-1.57,2
795,58.72,14.9,-39.53,1
4156,37.36,4.23,-5.63,0
6929,6.54,8.21,-22.95,0
2606,70.73,6.9,4.91,0
464,47.77,7.95,-47.59,1
2133,28.13,10.98,-56.12,0
1063,50.01,2.55,-8.86,0
2726,14.55,14.55,-20.24,0
7070,9.54,3.22,-12.02,2
7543,95.94,12.3,-38.69,2
6766,86.21,3.54,2.52,0
8791,87.17,11.99,-10.98,2
8518,75.61,10.64,-59.8,2
8088,36.53,1.35,-45.69,2
446,26.33,3.31,6.24,1
3241,22.84,13.12,-46.74,0
8720,66.85,2.77,-37.02,2
5718,56.32,16.03,-44.06,0
9077,5.6,11.96,-46.69,2
661,58.98,7.8,-39.75,1
2108,82.18,5.04,-35.59,0
8374,7.61,9.57,1.48,2
33,81.77,1.25,-28.09,1
7034,45.91,8.48,-48.02,2
8576,34.55,14.2,-47.63,2
5571,21.43,11.57,-17.52,0
9235,-8.7,9.11,-40.24,2
8320,54.29,5.55,-8.11,2
4346,62.91,8.1,-18.03,0
9572,67.14,5.82,-1.31,2
4516,52.56,10.33,-9.43,0
1251,92.72,3.08,-50.05,0
3076,63.11,4.81,0.32,0
224,63.21,6.02,-2.06,1
8586,32.01,36.55,-12.29,2
3466,67.4,2.23,0.35,0
6109,63.0,19.85,7.28,0
2251,40.55,14.14,-53.58,0
8580,62.1,7.72,-19.1,2
4975,58.03,8.84,1.4,0
3053,45.51,11.31,-57.6,0
6856,21.97,11.33,-39.13,0
8769,33.32,9.59,-42.38,2
4900,63.89,5.73,-58.58,0
4936,87.9,7.04,-47.27,0
3003,72.38,12.94,-25.74,0
8780,53.22,14.21,-52.85,2
2947,0.69,9.03,-55.37,0
8704,60.0,1.04,-43.52,2
2468,11.55,4.96,-11.74,0
7502,64.83,8.9,-51.33,2
7967,34.21,8.02,-13.58,2
1507,47.3,5.23,-54.69,0
1014,69.07,11.49,-59.69,0
6421,56.82,10.61,4.63,0
4927,16.23,8.21,-59.9,0
3729,53.46,2.16,-36.51,0
3281,57.74,13.09,-27.22,0
3746,36.52,16.35,-35.01,0
1347,20.18,10.0,-39.6,0
1191,31.76,11.55,-15.91,0
5579,61.51,4.87,-43.42,0
5819,11.97,14.15,5.28,0
9446,45.94,10.89,-35.25,2
6635,12.92,6.56,7.51,0
3271,63.65,7.1,-24.08,0
3235,-2.84,20.66,-45.0,0
3473,77.96,2.16,-33.05,0
5039,71.57,11.86,-51.54,0
5697,86.73,10.57,-6.41,0
9288,79.95,15.72,6.54,2
4217,66.38,20.13,-45.45,0
2446,64.97,5.72,-16.89,0
8622,42.87,9.71,-36.52,2
5743,75.76,11.71,-43.05,0
597,64.6,9.6,-44.25,1
5165,16.4,16.8,3.19,0
9466,25.9,16.98,8.65,2
7605,69.34,9.51,-14.58,2
2047,41.85,5.06,-56.76,0
6695,27.94,14.59,-53.09,0
1137,26.05,6.88,-40.29,0
6049,40.49,22.3,-36.33,0
8602,48.99,6.44,-33.12,2
3716,38.49,11.74,-41.05,0
8864,66.14,7.25,-6.52,2
2156,29.52,22.72,-49.84,0
3313,30.92,6.0,-31.28,0
8028,81.0,2.71,-9.44,2
3254,34.68,8.33,-41.94,0
5079,73.29,4.63,-28.67,0
7191,-3.96,17.35,-7.71,2
1061,69.36,7.05,-46.23,0
6724,54.39,8.43,-32.03,0
871,77.99,1.63,-5.16,1
7703,38.47,6.75,-47.13,2
4761,93.62,12.62,-17.87,0
1604,53.66,11.13,-40.41,0
7088,70.37,2.41,-32.81,2
7628,-0.53,3.05,-29.82,2
8523,25.81,4.08,-20.97,2
5621,87.85,2.53,-35.61,0
6523,54.39,7.01,0.6,0
7476,65.66,13.67,-29.45,2
3363,80.41,13.64,-40.53,0
2342,12.58,11.14,-15.77,0
8803,13.64,6.56,-24.43,2
6732,89.42,8.43,4.06,0
3708,58.66,3.92,7.87,0
8074,78.35,5.39,-11.03,2
8242,21.22,7.13,-58.2,2
2036,43.41,16.52,-28.21,0
6584,25.79,5.21,-58.57,0
1534,0.05,15.07,-58.25,0
9358,30.48,9.76,-26.29,2
7216,69.39,9.67,-48.33,2
2735,17.3,12.47,-33.25,0
4609,-13.76,9.83,-0.13,0
7313,58.1,13.54,2.97,2
5128,25.73,16.65,-41.47,0
603,57.1,11.28,-6.44,1
7220,41.0,6.73,-3.77,2
6701,51.09,5.32,-31.33,0
8826,8.5,16.33,-38.04,2
9085,6.55,3.29,7.47,2
2301,89.41,18.32,-33.5,0
5705,5.59,14.93,9.73,0
5975,52.86,8.09,-19.14,0
609,66.1,4.76,-24.02,1
8556,36.54,15.35,-9.03,2
8036,43.85,8.36,-4.43,2
5679,58.23,6.62,-5.47,0
9237,27.57,17.53,-51.67,2
1360,-5.15,24.52,-32.2,0
3791,24.85,9.56,-47.18,0
7469,22.04,9.08,8.43,2
893,-3.96,11.3,-32.24,1
3312,31.57,8.21,-1.49,0
1247,44.15,10.38,6.64,0
6348,63.51,5.8,-2.5,0
142,-4.89,14.17,-38.89,1
7157,-3.82,1.77,-46.05,2
9114,52.55,4.52,-23.25,2
7615,14.25,17.56,-44.7,2
3415,60.6,12.63,-43.52,0
4443,45.07,5.81,-53.45,0
4646,16.41,9.5,5.57,0
6703,57.14,5.57,-5.27,0
832,61.55,15.84,-23.47,1
2706,66.53,2.32,-22.58,0
6962,40.11,21.54,-33.53,0
8964,28.67,2.32,-39.51,2
2966,46.49,2.93,-29.84,0
5547,77.69,4.54,9.64,0
6674,6.32,23.75,-30.75,0
4324,52.58,13.06,-58.2,0
9343,63.33,6.49,-5.52,2
8396,20.46,2.12,-45.38,2
7752,13.65,13.29,-38.37,2
6843,53.86,16.39,-16.99,0
6355,47.64,4.02,7.44,0
9452,38.83,11.18,-14.87,2
8995,48.65,8.84,-59.46,2
9612,38.68,5.39,4.84,2
6084,54.75,9.86,6.02,0
5869,31.56,8.89,-19.14,0
9059,13.52,2.75,-2.38,2
1537,3.46,2.21,-31.52,0
7164,37.32,3.89,-30.51,2
3109,33.29,6.33,-14.16,0
3482,10.61,2.88,-37.03,0
5220,54.55,3.57,-24.06,0
2387,72.76,18.08,5.5,0
5650,77.24,12.24,7.09,0
3626,10.19,3.05,-50.4,0
2546,37.87,7.31,-27.17,0
3986,14.72,10.51,-17.2,0
7459,17.93,5.56,2.42,2
2981,48.79,13.42,-9.39,0
1990,61.76,4.79,-15.02,0
7291,67.56,8.95,-5.15,2
803,2.45,7.65,3.07,1
1404,28.55,16.4,7.4,0
1911,89.69,6.55,-37.58,0
2093,44.44,3.97,1.69,0
4565,72.26,1.41,-20.41,0
1815,0.95,6.3,-50.03,0
3544,50.08,17.27,-24.97,0
2847,-3.94,12.2,-12.38,0
5960,79.3,4.87,-1.02,0
3665,83.82,23.4,-10.02,0
6713,43.59,12.1,-23.55,0
9990,29.54,9.19,1.99,2
97,13.2,11.36,-52.82,1
277,75.32,10.08,9.66,1
8001,89.11,13.23,-22.09,2
1039,30.74,6.4,-8.69,0
1858,82.33,12.15,-25.33,0
8687,44.3,8.19,-1.29,2
3330,4.21,2.74,0.59,0
689,33.84,7.07,-26.61,1
3396,34.12,6.51,-8.92,0
4972,81.29,4.64,-59.37,0
4474,49.54,7.3,-56.66,0
4378,23.23,11.08,-8.23,0
5899,31.25,4.1,4.11,0
5871,44.97,4.48,-3.13,0
2935,52.78,5.49,0.96,0
8836,60.81,5.99,-24.64,2
4283,51.33,7.17,9.8,0
8407,67.39,20.98,-4.36,2
5721,59.75,6.62,-56.52,0
731,43.6,7.71,-20.22,1
4943,25.33,14.86,-40.05,0
9422,34.86,4.09,-6.75,2
8898,29.84,5.9,3.78,2
9527,36.69,2.47,-19.47,2
9227,33.93,6.86,-8.15,2
9176,75.6,5.47,-46.73,2
6252,77.72,8.51,-10.55,0
17,6.42,7.06,-43.72,1
3214,53.97,12.37,-43.14,0
6671,63.11,11.24,0.55,0
4878,67.77,4.96,-55.55,0
4664,40.41,14.44,-31.55,0
1523,67.81,10.49,-24.32,0
8584,58.13,11.31,0.51,2
9086,26.27,23.58,-54.13,2
1833,67.71,12.28,-48.83,0
7692,21.48,12.99,-37.0,2
8468,56.08,11.54,-44.7,2
9783,29.77,10.25,-20.56,2
4629,33.42,6.96,-58.29,0
827,17.82,2.11,5.77,1
3797,16.88,8.68,-47.94,0
6960,73.77,7.61,-0.13,0
5064,33.2,5.91,-37.18,0
6456,46.49,6.19,-4.21,0
3496,37.28,8.28,-42.78,0
4509,54.42,5.31,-36.03,0
133,14.03,11.19,-35.91,1
584,60.94,12.41,-8.97,1
5957,54.98,9.34,6.46,0
1264,92.69,9.88,-16.92,0
7798,68.74,23.81,-19.31,2
2219,48.28,21.12,-22.93,0
4090,68.71,43.08,-38.65,0
9636,9.65,7.58,-1.86,2
3249,78.86,3.81,-23.25,0
7748,69.48,17.57,-11.2,2
2866,76.62,12.67,-57.04,0
1237,14.39,15.44,-39.09,0
4654,49.88,9.91,-2.77,0
1790,60.04,11.73,-3.23,0
1427,37.9,6.68,-15.7,0
2844,67.85,4.69,-5.28,0
7595,83.73,2.09,-7.91,2
7812,61.08,12.79,-24.03,2
8062,17.53,17.45,-16.59,2
6058,17.45,6.69,-1.72,0
4543,70.3,8.49,-10.25,0
4515,77.63,8.17,-49.53,0
7693,5.43,4.49,0.77,2
2627,48.63,2.79,7.36,0
7815,10.41,11.89,-24.14,2
5504,57.03,13.75,-54.56,0
2973,15.58,16.97,-4.1,0
4852,67.61,4.57,-16.74,0
4873,45.5,10.72,2.2,0
7362,75.39,16.09,-41.53,2
9044,60.42,4.47,-34.79,2
3941,72.97,10.68,-49.79,0
498,90.9,7.94,-33.1,1
8013,-4.72,8.21,-48.71,2
5202,22.96,6.83,-15.4,0
5972,18.64,10.97,-47.54,0
1960,45.5,11.26,-20.35,0
5317,32.77,8.06,-45.66,0
2888,59.23,8.33,-25.58,0
1754,57.32,7.26,-23.7,0
8927,66.11,4.55,-29.29,2
9706,2.37,13.02,-16.27,2
4315,86.49,9.16,-26.26,0
6996,29.38,2.09,-55.32,0
4705,69.81,8.14,1.91,0
936,80.6,11.04,-53.38,1
5531,67.19,7.94,-6.8,0
8453,5.82,8.14,-40.91,2
3595,5.17,7.74,-34.38,0
8030,50.46,14.94,-38.36,2
5978,70.85,8.47,8.04,0
7876,86.65,9.0,-56.05,2
2786,-1.39,8.8,-0.2,0
1003,63.59,9.12,-25.33,0
6222,67.32,14.47,-41.3,0
7168,11.06,14.86,-18.13,2
8031,27.55,6.27,1.92,2
5989,12.02,16.23,-35.08,0
340,44.01,3.59,-53.5,1
467,26.46,8.45,-1.94,1
6722,61.92,9.19,-30.7,0
4095,26.22,14.18,-53.22,0
5124,7.15,7.38,-7.62,0
1011,31.11,7.63,-14.04,0
3517,74.17,5.79,-49.84,0
9960,55.43,30.2,-45.61,2
8484,73.98,20.17,1.92,2
6745,60.28,4.61,-22.83,0
6829,27.87,10.07,-28.46,0
1653,58.79,12.61,4.15,0
4526,53.37,13.08,-26.25,0
6851,52.29,5.35,-0.74,0
9963,70.96,7.27,-10.97,2
9012,72.13,3.56,-50.15,2
8621,36.42,5.91,-27.9,2
9360,-3.59,10.77,-7.08,2
3448,29.9,5.8,-57.39,0
5691,63.89,7.63,-51.12,0
2243,28.93,12.35,-43.67,0
5511,69.48,4.24,-23.36,0
6349,59.99,9.67,-17.66,0
9002,52.7,13.36,7.54,2
6327,30.95,7.25,-52.84,0
2596,66.94,2.24,-12.9,0
5019,44.7,15.5,-54.74,0
3489,48.87,13.1,-54.52,0
5359,72.03,13.94,-18.33,0
7701,39.42,14.86,-0.69,2
8952,47.45,4.5,-34.23,2
1782,67.03,8.99,-47.37,0
4327,87.26,10.55,-41.54,0
5798,40.87,5.4,-0.67,0
3272,63.31,9.62,-40.29,0
7513,27.09,5.88,-16.32,2
4255,10.72,13.85,-20.12,0
2289,9.39,8.28,-52.57,0
2717,28.58,12.35,0.99,0
4892,43.47,19.27,-15.42,0
907,58.29,3.16,-3.99,1
3692,46.34,4.92,-36.29,0
8490,69.49,8.0,-50.14,2
6278,76.11,6.92,-10.5,0
6104,1.61,10.89,-35.89,0
4066,73.2,5.67,-49.21,0
7540,60.59,18.07,-33.55,2
3031,24.66,9.14,3.79,0
465,46.96,4.97,-37.14,1
4560,64.36,4.3,4.48,0
3028,74.8,9.32,-50.23,0
4679,37.76,5.63,9.03,0
7006,86.4,16.79,-8.64,2
797,38.71,7.12,-50.43,1
668,66.58,22.12,-31.67,1
2617,36.11,5.77,-27.99,0
4420,40.07,11.69,-23.07,0
5775,-4.19,5.46,4.95,0
6808,46.94,8.3,2.23,0
1667,56.1,14.83,-57.61,0
7094,56.94,23.96,-1.18,2
7438,68.01,5.71,-10.46,2
6396,4.76,7.62,4.68,0
499,8.93,3.76,5.05,1
6687,57.76,7.75,-39.63,0
8085,34.44,4.14,-9.24,2
6136,17.99,11.81,-25.58,0
727,11.65,6.95,-39.47,1
3529,10.18,7.65,-51.55,0
216,64.09,5.85,-53.07,1
9518,8.34,11.21,-42.46,2
1843,32.48,7.38,-53.82,0
2702,10.05,9.1,-3.47,0
8841,92.1,8.69,-35.84,2
9574,55.71,9.97,-38.82,2
7171,38.7,9.16,-53.72,2
7488,65.81,3.79,-27.96,2
4358,3.31,8.9,-29.63,0
9160,44.05,8.79,-41.71,2
5600,78.54,11.87,-3.99,0
6460,69.06,11.75,-17.45,0
6193,49.3,11.18,-3.49,0
4394,35.39,5.61,6.42,0
5260,78.02,11.75,-59.64,0
8299,81.37,2.13,-42.2,2
3199,19.58,7.04,-58.42,0
2893,43.04,5.37,-18.41,0
8448,35.75,9.42,9.67,2
8221,89.21,0.98,-27.01,2
7742,69.88,6.72,-23.9,2
4079,46.1,9.34,-9.91,0
4877,88.3,6.67,-11.35,0
6754,90.28,3.17,-3.48,0
3277,68.35,14.01,6.69,0
5353,62.9,6.06,-21.74,0
9074,62.78,12.79,-22.62,2
2867,15.36,6.86,-4.89,0
1100,81.82,8.03,-35.68,0
7065,5.5,10.17,-8.15,2
6076,81.81,5.23,-31.58,0
3041,36.67,6.16,-12.54,0
7754,15.43,12.2,-22.92,2
5654,29.85,15.73,-24.38,0
7242,52.08,19.32,-39.9,2
742,62.48,3.14,5.51,1
711,71.93,11.14,-29.02,1
6463,12.84,3.42,-20.26,0
7123,40.67,3.85,6.6,2
3334,56.48,7.25,-31.36,0
1399,38.01,4.19,-36.76,0
8438,27.97,18.27,-59.27,2
9230,82.77,7.05,3.75,2
